Country;Crime Index;Year
Afghanistan;78.3;2024
Albania;45.6;2024
Algeria;52.2;2024
Andorra;12.9;2024
Angola;66.5;2024
Argentina;64.2;2024
Armenia;22.4;2024
Australia;47.1;2024
Austria;29.3;2024
Azerbaijan;31.6;2024
Bahamas;56.5;2024
Bahrain;23.9;2024
Bangladesh;61.5;2024
Barbados;47.1;2024
Belarus;50.8;2024
Belgium;49.2;2024
Belize;53;2024
Bolivia;64.6;2024
Bosnia And Herzegovina;40.9;2024
Botswana;52.2;2024
Brazil;65.6;2024
Brunei;29.5;2024
Bulgaria;37.1;2024
Cambodia;52.8;2024
Cameroon;63.5;2024
Canada;45.2;2024
Chile;59.3;2024
China;24.9;2024
Colombia;61.2;2024
Costa Rica;53.7;2024
Croatia;26;2024
Cuba;33.4;2024
Cyprus;32.4;2024
Czech Republic;26.8;2024
Denmark;26.3;2024
Dominican Republic;60.5;2024
Ecuador;62.1;2024
Egypt;47.3;2024
El Salvador;61.3;2024
Estonia;23.8;2024
Ethiopia;50.8;2024
Fiji;57.3;2024
Finland;26.3;2024
France;55.3;2024
Georgia;26.1;2024
Germany;38.9;2024
Ghana;43.9;2024
Greece;46.7;2024
Guatemala;59.5;2024
Guyana;67.3;2024
Haiti;77.9;2024
Honduras;73.4;2024
Hong Kong (China);21.8;2024
Hungary;33.7;2024
Iceland;25.4;2024
India;44.3;2024
Indonesia;46.1;2024
Iran;49.5;2024
Iraq;44.7;2024
Ireland;46.5;2024
Isle Of Man;20.5;2024
Israel;32.4;2024
Italy;47.3;2024
Ivory Coast;57.1;2024
Jamaica;68.1;2024
Japan;22.6;2024
Jordan;40.4;2024
Kazakhstan;45.9;2024
Kenya;56.4;2024
Kosovo (Disputed Territory);41.7;2024
Kuwait;32.8;2024
Kyrgyzstan;54;2024
Latvia;37.4;2024
Lebanon;46.4;2024
Libya;60.4;2024
Lithuania;32.8;2024
Luxembourg;34.4;2024
Malaysia;50.7;2024
Maldives;55;2024
Malta;41.2;2024
Mauritius;47.8;2024
Mexico;53.8;2024
Moldova;45.1;2024
Monaco;23.6;2024
Mongolia;52.4;2024
Montenegro;38;2024
Morocco;46.5;2024
Mozambique;63.7;2024
Myanmar;50.4;2024
Namibia;63.9;2024
Nepal;37.7;2024
Netherlands;26.3;2024
New Zealand;47.7;2024
Nicaragua;52.2;2024
Nigeria;66.2;2024
North Korea;51.7;2024
North Macedonia;41;2024
Norway;32.6;2024
Oman;19;2024
Pakistan;43.2;2024
Palestine;42.1;2024
Panama;44.3;2024
Papua New Guinea;79.7;2024
Paraguay;50.9;2024
Peru;67.8;2024
Philippines;42.8;2024
Poland;30.7;2024
Portugal;31.2;2024
Puerto Rico;61.7;2024
Qatar;16;2024
Romania;33.7;2024
Russia;39.1;2024
Rwanda;26.8;2024
Saudi Arabia;26.9;2024
Serbia;38.3;2024
Singapore;23.5;2024
Slovakia;31.1;2024
Slovenia;24.2;2024
Somalia;65.2;2024
South Africa;75.4;2024
South Korea;24.9;2024
Spain;36.2;2024
Sri Lanka;42.1;2024
Sudan;45.4;2024
Sweden;48.4;2024
Switzerland;25.3;2024
Syria;69.1;2024
Taiwan;16.7;2024
Tanzania;54.5;2024
Thailand;37.9;2024
Trinidad And Tobago;70.8;2024
Tunisia;44.4;2024
Turkey;40.9;2024
Uganda;55;2024
Ukraine;46.9;2024
United Arab Emirates;15.6;2024
United Kingdom;47.4;2024
United States;49.3;2024
Uruguay;52.2;2024
Us Virgin Islands;62.1;2024
Uzbekistan;30.5;2024
Venezuela;81.2;2024
Vietnam;42.2;2024
Yemen;68.6;2024
Zambia;46.4;2024
Zimbabwe;60.9;2024
Afghanistan;78.6;2023
Albania;45.7;2023
Algeria;52.6;2023
Angola;65.4;2023
Argentina;64.3;2023
Armenia;22;2023
Australia;45.5;2023
Austria;27.3;2023
Azerbaijan;31.8;2023
Bahamas;62.4;2023
Bahrain;24;2023
Bangladesh;62.6;2023
Barbados;47.9;2023
Belarus;56.4;2023
Belgium;49.1;2023
Belize;53.1;2023
Bolivia;60.8;2023
Bosnia And Herzegovina;42.9;2023
Botswana;53.7;2023
Brazil;66.6;2023
Brunei;29;2023
Bulgaria;38;2023
Cambodia;52.9;2023
Cameroon;64.8;2023
Canada;44.3;2023
Chile;58.1;2023
China;26.3;2023
Colombia;60.2;2023
Costa Rica;53.8;2023
Croatia;24.6;2023
Cuba;31.6;2023
Cyprus;31.4;2023
Czech Republic;26.6;2023
Denmark;26.6;2023
Dominican Republic;61.2;2023
Ecuador;59.4;2023
Egypt;47.2;2023
El Salvador;64.4;2023
Estonia;25.1;2023
Ethiopia;50.9;2023
Fiji;57;2023
Finland;26.8;2023
France;55.3;2023
Georgia;25.9;2023
Germany;37.6;2023
Ghana;44.5;2023
Greece;47;2023
Guatemala;59.7;2023
Guyana;69;2023
Honduras;74.2;2023
Hong Kong (China);21.5;2023
Hungary;33.9;2023
Iceland;24.9;2023
India;44.6;2023
Indonesia;45.9;2023
Iran;49.9;2023
Iraq;46.1;2023
Ireland;45.9;2023
Isle Of Man;18;2023
Israel;32.6;2023
Italy;46.9;2023
Jamaica;67.8;2023
Japan;23.1;2023
Jordan;41;2023
Kazakhstan;52.7;2023
Kenya;57;2023
Kosovo (Disputed Territory);40.8;2023
Kuwait;32.6;2023
Kyrgyzstan;54.6;2023
Latvia;37.7;2023
Lebanon;46.2;2023
Libya;60.2;2023
Lithuania;33;2023
Luxembourg;35.1;2023
Malaysia;52.9;2023
Maldives;54.5;2023
Malta;42.5;2023
Mauritius;48.1;2023
Mexico;54.4;2023
Moldova;47.1;2023
Monaco;24.6;2023
Mongolia;53.9;2023
Montenegro;39.8;2023
Morocco;46.8;2023
Mozambique;63.4;2023
Myanmar;48.2;2023
Namibia;64.8;2023
Nepal;37.6;2023
Netherlands;27.3;2023
New Zealand;45.8;2023
Nicaragua;48.8;2023
Nigeria;65.5;2023
North Korea;52.4;2023
North Macedonia;40.9;2023
Norway;33.5;2023
Oman;19.7;2023
Pakistan;42.3;2023
Palestine;41;2023
Panama;43.7;2023
Papua New Guinea;79.9;2023
Paraguay;50.8;2023
Peru;67.6;2023
Philippines;42.7;2023
Poland;29.2;2023
Portugal;31.5;2023
Puerto Rico;62;2023
Qatar;14.8;2023
Romania;32;2023
Russia;39.3;2023
Rwanda;27.6;2023
Saudi Arabia;24.6;2023
Serbia;38.2;2023
Singapore;29.2;2023
Slovakia;31.4;2023
Slovenia;24.2;2023
Somalia;68.6;2023
South Africa;75.4;2023
South Korea;25.5;2023
Spain;35.7;2023
Sri Lanka;41.4;2023
Sudan;46.5;2023
Sweden;48.5;2023
Switzerland;23.6;2023
Syria;68.8;2023
Taiwan (China);16.2;2023
Tanzania;55.5;2023
Thailand;38.7;2023
Trinidad And Tobago;70.6;2023
Tunisia;44.6;2023
Turkey;40.1;2023
Uganda;54.9;2023
Ukraine;46.7;2023
United Arab Emirates;15.1;2023
United Kingdom;46.9;2023
United States;49;2023
Uruguay;52.7;2023
Us Virgin Islands;60.9;2023
Uzbekistan;33.5;2023
Venezuela;82.6;2023
Vietnam;44.5;2023
Zambia;48.8;2023
Zimbabwe;60.5;2023
Venezuela;83.6;2022
Papua New Guinea;81.2;2022
Afghanistan;77;2022
South Africa;76.1;2022
Honduras;74.2;2022
Trinidad And Tobago;71.4;2022
Guyana;68.9;2022
El Salvador;68.6;2022
Jamaica;67.8;2022
Syria;67.5;2022
Peru;67.1;2022
Brazil;67;2022
Cameroon;66.6;2022
Angola;66.4;2022
Namibia;64.7;2022
Argentina;64.1;2022
Nigeria;63.8;2022
Bangladesh;63.4;2022
Mozambique;62.8;2022
Bahamas;62.5;2022
Puerto Rico;62.2;2022
Us Virgin Islands;60.9;2022
Dominican Republic;60.9;2022
Libya;60.3;2022
North Korea;60.3;2022
Zimbabwe;59.7;2022
Belarus;58.4;2022
Bolivia;58.3;2022
Guatemala;58.3;2022
Somalia;58;2022
Colombia;57.7;2022
Ecuador;57.2;2022
Kyrgyzstan;56.6;2022
Tanzania;56.3;2022
Uganda;56.2;2022
Kenya;56.2;2022
Malaysia;55.7;2022
Fiji;55.6;2022
Maldives;54.7;2022
Chile;54;2022
Costa Rica;53.9;2022
Algeria;53.8;2022
Mongolia;53.7;2022
Mexico;53.7;2022
Kazakhstan;53.4;2022
France;52.4;2022
Botswana;52.4;2022
Belize;51.5;2022
Uruguay;51.4;2022
Cambodia;50.7;2022
Ethiopia;50.1;2022
Paraguay;49.2;2022
Iran;49.1;2022
Morocco;49.1;2022
Sweden;49;2022
Mauritius;48.9;2022
United States;48.2;2022
Nicaragua;47.9;2022
Moldova;47.4;2022
Greece;47.4;2022
Iraq;47;2022
Ukraine;46.9;2022
Lebanon;46.9;2022
Ghana;46.8;2022
Egypt;46.6;2022
Barbados;46.6;2022
Myanmar;46.5;2022
United Kingdom;46.5;2022
Zambia;46.3;2022
Indonesia;46.1;2022
Albania;46.1;2022
Vietnam;45.8;2022
Ireland;45.5;2022
Belgium;45.4;2022
Italy;45.2;2022
India;44.6;2022
Sudan;44.6;2022
Tunisia;44.3;2022
Panama;43.9;2022
Australia;43.8;2022
New Zealand;43.3;2022
Palestine;43.2;2022
Canada;42.9;2022
Philippines;42.3;2022
Kosovo (Disputed Territory);42.3;2022
Bosnia And Herzegovina;42.2;2022
Pakistan;42;2022
Sri Lanka;41.2;2022
Montenegro;41.1;2022
North Macedonia;40.9;2022
Malta;40.8;2022
Jordan;40.2;2022
Turkey;39.7;2022
Russia;39.6;2022
Thailand;39.3;2022
Bulgaria;38.7;2022
Latvia;38.7;2022
Serbia;38.3;2022
Nepal;37.5;2022
Germany;36.4;2022
Luxembourg;35.7;2022
Hungary;34.3;2022
Spain;33.9;2022
Norway;33.8;2022
Uzbekistan;33.8;2022
Kuwait;33.4;2022
Lithuania;33.3;2022
Azerbaijan;32.3;2022
Israel;32.1;2022
Cyprus;32.1;2022
Cuba;30.9;2022
Portugal;30.6;2022
Slovakia;30.2;2022
Poland;29.8;2022
China;29.4;2022
Brunei;29;2022
Romania;28.8;2022
Netherlands;27.9;2022
Singapore;27.6;2022
Finland;27.3;2022
Denmark;26.6;2022
South Korea;26.5;2022
Austria;26.1;2022
Czech Republic;25.5;2022
Monaco;25.1;2022
Saudi Arabia;24.7;2022
Bahrain;24.4;2022
Rwanda;24.3;2022
Georgia;24.3;2022
Croatia;24.1;2022
Estonia;23.8;2022
Iceland;23.5;2022
Slovenia;22.7;2022
Armenia;22.1;2022
Japan;22.1;2022
Hong Kong;21.9;2022
Switzerland;21.7;2022
Oman;20;2022
Isle Of Man;18.6;2022
Taiwan;15.9;2022
United Arab Emirates;15.1;2022
Qatar;13.8;2022
Afghanistan;76.4;2021
Albania;41.6;2021
Algeria;51.9;2021
Angola;66.6;2021
Argentina;63.3;2021
Armenia;23.3;2021
Australia;42.4;2021
Austria;25.2;2021
Azerbaijan;31.7;2021
Bahamas;62.3;2021
Bahrain;26.1;2021
Bangladesh;64.2;2021
Belarus;60.3;2021
Belgium;44.2;2021
Belize;51.3;2021
Bolivia;55.4;2021
Bosnia And Herzegovina;43;2021
Botswana;52.8;2021
Brazil;67.8;2021
Brunei;28;2021
Bulgaria;38.1;2021
Cambodia;51.2;2021
Canada;41.2;2021
Chile;52.1;2021
China;30.2;2021
Colombia;55.8;2021
Costa Rica;55.3;2021
Croatia;24.9;2021
Cuba;29.1;2021
Cyprus;32;2021
Czech Republic;25.3;2021
Denmark;26.7;2021
Dominican Republic;60.1;2021
Ecuador;54.4;2021
Egypt;46.8;2021
El Salvador;68.8;2021
Estonia;23.4;2021
Ethiopia;50;2021
Fiji;57.9;2021
Finland;27;2021
France;49.2;2021
Georgia;22.6;2021
Germany;35.4;2021
Ghana;48.5;2021
Greece;44.1;2021
Guatemala;58.2;2021
Guyana;68.7;2021
Honduras;74.8;2021
Hong Kong;21.7;2021
Hungary;34.8;2021
Iceland;24.1;2021
India;44.7;2021
Indonesia;46.2;2021
Iran;49.2;2021
Iraq;48.8;2021
Ireland;45;2021
Isle Of Man;20.8;2021
Israel;31.2;2021
Italy;44.4;2021
Jamaica;67.5;2021
Japan;22;2021
Jordan;40.7;2021
Kazakhstan;54;2021
Kenya;61.4;2021
Kosovo (Disputed Territory);36.1;2021
Kuwait;34;2021
Kyrgyzstan;55.4;2021
Latvia;37.2;2021
Lebanon;47;2021
Libya;62;2021
Lithuania;33.8;2021
Luxembourg;32.2;2021
Malaysia;57.9;2021
Maldives;56;2021
Malta;38.9;2021
Mauritius;47.9;2021
Mexico;55;2021
Moldova;46.6;2021
Mongolia;55.6;2021
Montenegro;41.6;2021
Morocco;49.1;2021
Myanmar;47.2;2021
Namibia;65.9;2021
Nepal;35.7;2021
Netherlands;27.2;2021
New Zealand;42.3;2021
Nicaragua;48.4;2021
Nigeria;63.9;2021
North Macedonia;38.6;2021
Norway;33.4;2021
Oman;20.3;2021
Pakistan;43.9;2021
Palestine;44;2021
Panama;45.8;2021
Papua New Guinea;80.2;2021
Paraguay;49;2021
Peru;66.6;2021
Philippines;42.2;2021
Poland;29.3;2021
Portugal;29.9;2021
Puerto Rico;63.4;2021
Qatar;12.3;2021
Romania;28.3;2021
Russia;40.1;2021
Rwanda;25.3;2021
Saudi Arabia;25.9;2021
Serbia;38.3;2021
Singapore;33;2021
Slovakia;29.7;2021
Slovenia;21.8;2021
Somalia;56;2021
South Africa;77.1;2021
South Korea;26.9;2021
Spain;33.1;2021
Sri Lanka;41.2;2021
Sweden;47.2;2021
Switzerland;21.3;2021
Syria;68.1;2021
Taiwan;15.2;2021
Tanzania;56.6;2021
Thailand;39.4;2021
Trinidad And Tobago;70.9;2021
Tunisia;43.4;2021
Turkey;39.5;2021
Uganda;56.1;2021
Ukraine;48.3;2021
United Arab Emirates;15.4;2021
United Kingdom;45.3;2021
United States;47.7;2021
Uruguay;51.2;2021
Uzbekistan;34.7;2021
Venezuela;84.2;2021
Vietnam;46.1;2021
Zambia;43.2;2021
Zimbabwe;58.9;2021
Afghanistan;76.2;2020
Albania;39.5;2020
Algeria;49.8;2020
Angola;65;2020
Argentina;61.8;2020
Armenia;21.6;2020
Australia;41.4;2020
Austria;23.7;2020
Azerbaijan;31.6;2020
Bahamas;62.9;2020
Bahrain;29.3;2020
Bangladesh;63.9;2020
Belarus;25;2020
Belgium;44;2020
Bolivia;52.9;2020
Bosnia And Herzegovina;43;2020
Botswana;53.5;2020
Brazil;68.9;2020
Brunei;27.7;2020
Bulgaria;38.5;2020
Cambodia;50.7;2020
Canada;39.7;2020
Chile;45.2;2020
China;31.8;2020
Colombia;54.8;2020
Costa Rica;56.3;2020
Croatia;24.7;2020
Cuba;27.5;2020
Cyprus;30;2020
Czech Republic;25.5;2020
Denmark;25.1;2020
Dominican Republic;61.2;2020
Ecuador;50.9;2020
Egypt;46.9;2020
El Salvador;68;2020
Estonia;23.1;2020
Ethiopia;49.2;2020
Fiji;58.9;2020
Finland;23.3;2020
France;46.8;2020
Georgia;20.2;2020
Germany;34.8;2020
Ghana;49;2020
Greece;40.3;2020
Guatemala;57.8;2020
Guyana;67.7;2020
Honduras;76.1;2020
Hong Kong;20.7;2020
Hungary;35.1;2020
Iceland;23.4;2020
India;43.3;2020
Indonesia;45.8;2020
Iran;49.3;2020
Iraq;47.8;2020
Ireland;45.4;2020
Israel;29.6;2020
Italy;44.3;2020
Jamaica;66;2020
Japan;20.7;2020
Jordan;40.8;2020
Kazakhstan;62;2020
Kenya;61.7;2020
Kosovo (Disputed Territory);32.9;2020
Kuwait;34.8;2020
Latvia;37;2020
Lebanon;43.4;2020
Libya;62.2;2020
Lithuania;33.1;2020
Luxembourg;33.4;2020
Malaysia;58.8;2020
Maldives;53.2;2020
Malta;39;2020
Mauritius;47.3;2020
Mexico;54;2020
Moldova;45;2020
Mongolia;58;2020
Montenegro;41.2;2020
Morocco;48.7;2020
Myanmar;45.9;2020
Namibia;67.2;2020
Nepal;34.6;2020
Netherlands;27.6;2020
New Zealand;40.9;2020
Nicaragua;44.4;2020
Nigeria;63.8;2020
North Macedonia;38.7;2020
Norway;35.4;2020
Oman;20.8;2020
Pakistan;44.1;2020
Palestine;43.6;2020
Panama;47.2;2020
Papua New Guinea;81.9;2020
Paraguay;49.6;2020
Peru;68.2;2020
Philippines;42.2;2020
Poland;28.5;2020
Portugal;29.6;2020
Puerto Rico;65.6;2020
Qatar;11.9;2020
Romania;27.6;2020
Russia;41.1;2020
Saudi Arabia;26.2;2020
Serbia;37.4;2020
Singapore;30.6;2020
Slovakia;29.2;2020
Slovenia;21.1;2020
Somalia;58.5;2020
South Africa;77.5;2020
South Korea;28;2020
Spain;32;2020
Sri Lanka;40.2;2020
Sweden;47.1;2020
Switzerland;21.6;2020
Syria;66.5;2020
Taiwan;15.7;2020
Tanzania;59;2020
Thailand;40.5;2020
Trinidad And Tobago;73.2;2020
Tunisia;41.9;2020
Turkey;39.5;2020
Uganda;59;2020
Ukraine;48.9;2020
United Arab Emirates;15.7;2020
United Kingdom;43.7;2020
United States;47.2;2020
Uruguay;53.8;2020
Venezuela;84.5;2020
Vietnam;45.3;2020
Zimbabwe;57.5;2020
Uruguay;51.2;2020
Uzbekistan;34.7;2020
Venezuela;84.2;2020
Vietnam;46.1;2020
Zambia;43.2;2020
Zimbabwe;58.9;2020
Afghanistan;76.6;2019
Albania;40.3;2019
Algeria;48.3;2019
Argentina;62.6;2019
Armenia;22;2019
Australia;42.8;2019
Austria;21.4;2019
Azerbaijan;31.7;2019
Bahrain;32.9;2019
Bangladesh;65.8;2019
Belarus;23.5;2019
Belgium;42.5;2019
Bolivia;53.3;2019
Bosnia And Herzegovina;43.8;2019
Brazil;70.2;2019
Bulgaria;40;2019
Cambodia;51.3;2019
Canada;39.5;2019
Chile;46.8;2019
China;45.5;2019
Colombia;51.3;2019
Costa Rica;56.1;2019
Croatia;24.7;2019
Cyprus;29.3;2019
Czech Republic;26.7;2019
Denmark;24.2;2019
Dominican Republic;61.4;2019
Ecuador;49;2019
Egypt;50.7;2019
El Salvador;68.1;2019
Estonia;20.8;2019
Ethiopia;47.2;2019
Finland;22.8;2019
France;46.4;2019
Georgia;19.9;2019
Germany;34.5;2019
Ghana;51.9;2019
Greece;38.6;2019
Guatemala;55.9;2019
Honduras;76.8;2019
Hong Kong;19.3;2019
Hungary;35.2;2019
Iceland;23.3;2019
India;42.7;2019
Indonesia;46;2019
Iran;49.3;2019
Iraq;45.6;2019
Ireland;44.5;2019
Israel;32.2;2019
Italy;45;2019
Jamaica;65.3;2019
Japan;13.7;2019
Jordan;43.8;2019
Kazakhstan;66.5;2019
Kenya;54.8;2019
Kuwait;33.9;2019
Latvia;36.8;2019
Lebanon;44.3;2019
Libya;59.2;2019
Lithuania;36.5;2019
Luxembourg;29.1;2019
Malaysia;60.8;2019
Maldives;53.3;2019
Malta;33.5;2019
Mauritius;46.8;2019
Mexico;52.3;2019
Moldova;45.4;2019
Mongolia;59.8;2019
Montenegro;40.5;2019
Morocco;50.2;2019
Namibia;68.7;2019
Nepal;36.4;2019
Netherlands;28.6;2019
New Zealand;39.6;2019
Nigeria;64.4;2019
North Macedonia;39.3;2019
Norway;35.3;2019
Oman;22.8;2019
Pakistan;46.7;2019
Palestine;37;2019
Panama;46.4;2019
Papua New Guinea;79.9;2019
Peru;65.3;2019
Philippines;40.8;2019
Poland;30.1;2019
Portugal;32.1;2019
Puerto Rico;65.5;2019
Qatar;13.3;2019
Romania;27.8;2019
Russia;41.9;2019
Saudi Arabia;29.7;2019
Serbia;37.3;2019
Singapore;21.5;2019
Slovakia;29.5;2019
Slovenia;22.6;2019
Somalia;60.1;2019
South Africa;76.8;2019
South Korea;34;2019
Spain;32.5;2019
Sri Lanka;41;2019
Sweden;49.3;2019
Switzerland;21.5;2019
Syria;63.6;2019
Taiwan;17.4;2019
Tanzania;59;2019
Thailand;46.7;2019
Trinidad And Tobago;74;2019
Tunisia;42.3;2019
Turkey;40.4;2019
Uganda;53.3;2019
Ukraine;48.9;2019
United Arab Emirates;16.3;2019
United Kingdom;42.7;2019
United States;47.1;2019
Uruguay;52;2019
Venezuela;83.2;2019
Vietnam;48.8;2019
Zimbabwe;51.8;2019
Tunisia;41.9;2019
Turkey;39.5;2019
Uganda;59;2019
Ukraine;48.9;2019
United Arab Emirates;15.7;2019
United Kingdom;43.7;2019
United States;47.2;2019
Uruguay;53.8;2019
Venezuela;84.5;2019
Vietnam;45.3;2019
Zimbabwe;57.5;2019
Uruguay;51.2;2019
Uzbekistan;34.7;2019
Venezuela;84.2;2019
Vietnam;46.1;2019
Zambia;43.2;2019
Zimbabwe;58.9;2019
Albania;39.9;2018
Algeria;50.7;2018
Argentina;61.8;2018
Armenia;28.3;2018
Australia;42.5;2018
Austria;20.4;2018
Azerbaijan;30.5;2018
Bahrain;37;2018
Bangladesh;68.5;2018
Belarus;26.6;2018
Belgium;42.2;2018
Bolivia;52.9;2018
Bosnia And Herzegovina;40.1;2018
Brazil;70.6;2018
Bulgaria;39.7;2018
Cambodia;54.4;2018
Canada;39.3;2018
Chile;46.5;2018
China;39.4;2018
Colombia;50.7;2018
Costa Rica;53.9;2018
Croatia;27;2018
Cyprus;30.2;2018
Czech Republic;28.8;2018
Denmark;22;2018
Dominican Republic;61.5;2018
Ecuador;49.2;2018
Egypt;53.7;2018
El Salvador;69.7;2018
Estonia;20.8;2018
Ethiopia;47.7;2018
Finland;23.7;2018
France;45.3;2018
Georgia;20.3;2018
Germany;36.7;2018
Ghana;45;2018
Greece;39.1;2018
Guatemala;59.3;2018
Honduras;78.9;2018
Hong Kong;20.9;2018
Hungary;36.5;2018
Iceland;24.5;2018
India;44.2;2018
Indonesia;44.7;2018
Iran;49.4;2018
Iraq;43.3;2018
Ireland;43.8;2018
Israel;36.9;2018
Italy;44.5;2018
Jamaica;66.9;2018
Japan;13.1;2018
Jordan;44.5;2018
Kazakhstan;49.2;2018
Kenya;59.8;2018
Kuwait;37;2018
Latvia;36.9;2018
Lebanon;49.2;2018
Libya;56.7;2018
Lithuania;37.6;2018
Luxembourg;32.1;2018
Malaysia;63.1;2018
Maldives;51.7;2018
Malta;31.9;2018
Mauritius;48.3;2018
Mexico;51.1;2018
Moldova;45.7;2018
Mongolia;62.6;2018
Montenegro;37.5;2018
Morocco;48.5;2018
Namibia;68.2;2018
Nepal;39.5;2018
Netherlands;28.9;2018
New Zealand;39.2;2018
Nigeria;63.1;2018
North Macedonia;40.2;2018
Norway;43.3;2018
Oman;27.4;2018
Pakistan;51.2;2018
Palestine;37.9;2018
Panama;48.4;2018
Papua New Guinea;80;2018
Peru;63.9;2018
Philippines;40.1;2018
Poland;36.2;2018
Portugal;34.5;2018
Puerto Rico;64.9;2018
Qatar;15.7;2018
Romania;29;2018
Russia;45.2;2018
Saudi Arabia;36.7;2018
Serbia;37.8;2018
Singapore;16.2;2018
Slovakia;30.2;2018
Slovenia;24.7;2018
South Africa;75.7;2018
South Korea;35.8;2018
Spain;36.7;2018
Sri Lanka;41.7;2018
Sweden;49.3;2018
Switzerland;21.8;2018
Syria;67.7;2018
Taiwan;20.7;2018
Tanzania;59.8;2018
Thailand;47.3;2018
Trinidad And Tobago;72.2;2018
Tunisia;40.4;2018
Turkey;41.1;2018
Ukraine;49.4;2018
United Arab Emirates;18.7;2018
United Kingdom;41.2;2018
United States;49.6;2018
Uruguay;51.8;2018
Venezuela;82.6;2018
Vietnam;52.2;2018
Zimbabwe;54.6;2018
Afghanistan;73.9;2017
Albania;44.3;2017
Algeria;49.6;2017
Angola;65.5;2017
Argentina;62.6;2017
Armenia;27.1;2017
Australia;42.4;2017
Austria;19.2;2017
Azerbaijan;27.1;2017
Bahamas;63.2;2017
Bahrain;35.3;2017
Bangladesh;67.2;2017
Belarus;22.3;2017
Belgium;44.5;2017
Bolivia;59.5;2017
Bosnia And Herzegovina;41;2017
Botswana;58.2;2017
Brazil;70.6;2017
Brunei;36.1;2017
Bulgaria;40.2;2017
Cambodia;54.6;2017
Canada;39.2;2017
Chile;47.5;2017
China;33.9;2017
Colombia;51.7;2017
Costa Rica;55.9;2017
Croatia;27.8;2017
Cyprus;32.5;2017
Czech Republic;30.2;2017
Denmark;21.1;2017
Dominican Republic;62.6;2017
Ecuador;50.9;2017
Egypt;52.9;2017
El Salvador;71.6;2017
Estonia;23;2017
Ethiopia;49.2;2017
Fiji;55.6;2017
Finland;24.6;2017
France;43.7;2017
Georgia;20.8;2017
Germany;32;2017
Ghana;47;2017
Greece;40.3;2017
Guatemala;59.6;2017
Honduras;78.3;2017
Hong Kong;20.7;2017
Hungary;38.4;2017
Iceland;27.5;2017
India;44;2017
Indonesia;49.7;2017
Iran;50.9;2017
Iraq;54.3;2017
Ireland;45.8;2017
Israel;29;2017
Italy;44.7;2017
Jamaica;67.5;2017
Japan;20.9;2017
Jordan;43.1;2017
Kazakhstan;48.3;2017
Kenya;65;2017
Kuwait;33.5;2017
Latvia;36.5;2017
Lebanon;49.2;2017
Libya;54.5;2017
Lithuania;40;2017
Luxembourg;29;2017
Malaysia;64.8;2017
Maldives;47;2017
Malta;30.6;2017
Mauritius;51.1;2017
Mexico;50.3;2017
Moldova;45.4;2017
Mongolia;67.6;2017
Montenegro;38.7;2017
Morocco;48.9;2017
Namibia;63.1;2017
Nepal;37.2;2017
Netherlands;29.9;2017
New Zealand;38.8;2017
Nigeria;70.9;2017
North Macedonia;38.7;2017
Norway;45.7;2017
Oman;24.5;2017
Pakistan;54.4;2017
Palestine;38;2017
Panama;50;2017
Papua New Guinea;82.4;2017
Peru;63.3;2017
Philippines;39.8;2017
Poland;31.5;2017
Portugal;35.4;2017
Puerto Rico;69.2;2017
Qatar;15.7;2017
Romania;27.9;2017
Russia;46.1;2017
Saudi Arabia;23.6;2017
Serbia;38.6;2017
Singapore;16.6;2017
Slovakia;30.2;2017
Slovenia;24.1;2017
Somalia;58.8;2017
South Africa;75.7;2017
South Korea;25.3;2017
South Sudan;78.2;2017
Spain;31.3;2017
Sri Lanka;34.6;2017
Sudan;35;2017
Sweden;46.6;2017
Switzerland;22.4;2017
Syria;66.3;2017
Taiwan;17.2;2017
Tanzania;61.4;2017
Thailand;49.8;2017
Trinidad And Tobago;70.2;2017
Tunisia;40.9;2017
Turkey;41.1;2017
Uganda;56.9;2017
Ukraine;51.3;2017
United Arab Emirates;20.7;2017
United Kingdom;41.2;2017
United States;48.8;2017
Uruguay;51.6;2017
Venezuela;85.3;2017
Vietnam;53;2017
Zimbabwe;53.5;2017
Albania;48.2;2016
Algeria;57.6;2016
Argentina;63.3;2016
Armenia;31.1;2016
Australia;43.1;2016
Austria;24.1;2016
Azerbaijan;32.4;2016
Bahrain;37.3;2016
Bangladesh;68.6;2016
Belarus;27.6;2016
Belgium;45.2;2016
Bolivia;56.6;2016
Bosnia And Herzegovina;42.5;2016
Brazil;71.2;2016
Brunei;37;2016
Bulgaria;41.4;2016
Cambodia;48.2;2016
Canada;39.2;2016
Chile;42;2016
China;32.1;2016
Colombia;48.5;2016
Costa Rica;57.6;2016
Croatia;29.5;2016
Cyprus;30.2;2016
Czech Republic;32.1;2016
Denmark;25.7;2016
Dominican Republic;63.2;2016
Ecuador;52.9;2016
Egypt;56.5;2016
El Salvador;72;2016
Estonia;24.7;2016
Ethiopia;34.2;2016
Finland;28.1;2016
France;44.1;2016
Georgia;22.2;2016
Germany;33;2016
Ghana;49;2016
Greece;38.5;2016
Guatemala;63.5;2016
Honduras;76.4;2016
Hong Kong;20.8;2016
Hungary;41.9;2016
Iceland;29.9;2016
India;46.6;2016
Indonesia;47;2016
Iran;52.4;2016
Iraq;51.5;2016
Ireland;48.4;2016
Israel;30.6;2016
Italy;46.2;2016
Jamaica;65.5;2016
Japan;19.3;2016
Jordan;46.9;2016
Kazakhstan;45.9;2016
Kenya;69.5;2016
Kuwait;36;2016
Latvia;37.8;2016
Lebanon;50.6;2016
Libya;57.8;2016
Lithuania;43.2;2016
Luxembourg;36;2016
Malaysia;68.6;2016
Maldives;45;2016
Malta;26.7;2016
Mauritius;53.7;2016
Mexico;50.8;2016
Moldova;48.2;2016
Mongolia;57.8;2016
Montenegro;47.8;2016
Morocco;50.3;2016
Namibia;60.9;2016
Nepal;42.1;2016
Netherlands;31.5;2016
New Zealand;36.4;2016
Nigeria;74.1;2016
North Macedonia;38;2016
Norway;30.1;2016
Oman;29;2016
Pakistan;56.6;2016
Panama;52.7;2016
Papua New Guinea;77.6;2016
Peru;64;2016
Philippines;37.6;2016
Poland;31.4;2016
Portugal;35.1;2016
Puerto Rico;65.9;2016
Qatar;22.3;2016
Romania;29.7;2016
Russia;47.3;2016
Saudi Arabia;25.2;2016
Serbia;43.3;2016
Singapore;15.8;2016
Slovakia;33.5;2016
Slovenia;26.3;2016
Somalia;55.7;2016
South Africa;78.4;2016
South Korea;14.3;2016
South Sudan;81.3;2016
Spain;31.8;2016
Sri Lanka;46.3;2016
Sweden;43.1;2016
Switzerland;25.7;2016
Syria;54.7;2016
Taiwan;21.2;2016
Tanzania;60;2016
Thailand;42.6;2016
Trinidad And Tobago;72.6;2016
Tunisia;38.9;2016
Turkey;39.4;2016
Ukraine;48.6;2016
United Arab Emirates;23.1;2016
United Kingdom;43.1;2016
United States;48.9;2016
Uruguay;53.1;2016
Venezuela;84.4;2016
Vietnam;55.7;2016
Zimbabwe;60;2016
Ukraine;51.3;2016
United Arab Emirates;20.7;2016
United Kingdom;41.2;2016
United States;48.8;2016
Uruguay;51.6;2016
Venezuela;85.3;2016
Vietnam;53;2016
Zimbabwe;53.5;2016
Afghanistan;77.3;2015
Albania;49.6;2015
Algeria;51.3;2015
Angola;68;2015
Argentina;62.4;2015
Armenia;29.1;2015
Australia;42.2;2015
Austria;26.2;2015
Azerbaijan;35.5;2015
Bahamas;72.9;2015
Bahrain;40;2015
Bangladesh;64.2;2015
Barbados;44.4;2015
Belarus;30.5;2015
Belgium;42;2015
Belize;62.3;2015
Bermuda;40.3;2015
Bolivia;65.6;2015
Bosnia And Herzegovina;45.8;2015
Botswana;46.8;2015
Brazil;69;2015
Brunei;30.4;2015
Bulgaria;43.5;2015
Cambodia;44.1;2015
Cameroon;64.8;2015
Canada;37.5;2015
Chile;45;2015
China;41.7;2015
Colombia;56.9;2015
Costa Rica;63;2015
Croatia;29.3;2015
Cyprus;31.6;2015
Czech Republic;32.9;2015
Denmark;25.7;2015
Dominican Republic;67.7;2015
Ecuador;54;2015
Egypt;60.1;2015
El Salvador;69.4;2015
Estonia;28.1;2015
Ethiopia;35.1;2015
Faroe Islands;18.5;2015
Fiji;49.4;2015
Finland;29.5;2015
France;49.7;2015
Georgia;22;2015
Germany;28.5;2015
Ghana;49.4;2015
Greece;41.4;2015
Guatemala;79.3;2015
Guyana;76.9;2015
Haiti;62.3;2015
Honduras;74.9;2015
Hong Kong;19.2;2015
Hungary;41.8;2015
Iceland;33.3;2015
India;46.5;2015
Indonesia;47.2;2015
Iran;50.9;2015
Iraq;54.1;2015
Ireland;49.1;2015
Isle Of Man;15.1;2015
Israel;30.4;2015
Italy;47.5;2015
Jamaica;71.9;2015
Japan;20.2;2015
Jordan;45.5;2015
Kazakhstan;46.7;2015
Kenya;72.6;2015
Kosovo (Disputed Territory);46.8;2015
Kuwait;43.5;2015
Kyrgyzstan;65.1;2015
Laos;36.2;2015
Latvia;37.2;2015
Lebanon;52;2015
Libya;69.6;2015
Lithuania;36.7;2015
Luxembourg;35.7;2015
Malaysia;70;2015
Maldives;68.8;2015
Malta;25.9;2015
Mauritius;48.5;2015
Mexico;53.8;2015
Moldova;49.7;2015
Monaco;27.9;2015
Mongolia;70.3;2015
Montenegro;34.9;2015
Morocco;47.5;2015
Mozambique;60.5;2015
Myanmar;49.8;2015
Namibia;55.6;2015
Nepal;49.2;2015
Netherlands;35.4;2015
New Zealand;39.8;2015
Nicaragua;42.4;2015
Nigeria;76.6;2015
North Macedonia;36.1;2015
Norway;31.2;2015
Oman;34.4;2015
Pakistan;61.2;2015
Palestine;35.4;2015
Panama;50.1;2015
Papua New Guinea;69.9;2015
Paraguay;55.6;2015
Peru;57.6;2015
Philippines;43.1;2015
Poland;33;2015
Portugal;35.8;2015
Puerto Rico;67.1;2015
Qatar;21;2015
Romania;29.7;2015
Russia;51.3;2015
Rwanda;19.2;2015
Saudi Arabia;34.6;2015
Serbia;43.4;2015
Singapore;17.6;2015
Slovakia;33.3;2015
Slovenia;28.7;2015
Somalia;65.6;2015
South Africa;78.4;2015
South Korea;18;2015
South Sudan;85.3;2015
Spain;33.9;2015
Sri Lanka;50;2015
Sudan;35.7;2015
Sweden;42.1;2015
Switzerland;26.8;2015
Syria;56.3;2015
Taiwan;21.9;2015
Tanzania;61.8;2015
Thailand;37.1;2015
Timor-Leste;43.8;2015
Trinidad And Tobago;75.3;2015
Tunisia;42.7;2015
Turkey;36.4;2015
Turkmenistan;17.9;2015
Uganda;59.4;2015
Ukraine;49.4;2015
United Arab Emirates;22.2;2015
United Kingdom;42;2015
United States;50;2015
Uruguay;47.2;2015
Uzbekistan;58.1;2015
Venezuela;84.1;2015
Vietnam;52.3;2015
Yemen;70.1;2015
Zambia;41.7;2015
Zimbabwe;62.2;2015
