Country Name,Year,GDP
Aruba,2015,35972.8664446515
Aruba,2016,36117.5082112517
Aruba,2017,37524.9284784013
Aruba,2018,39287.0195169703
Aruba,2019,39110.2761899842
Aruba,2020,28976.4635497124
Aruba,2021,35696.3093722926
Aruba,2022,41649.4507917816
Aruba,2023,44967.3445127078
Afghanistan,2015,2284.07584789349
Afghanistan,2016,2213.1814410479
Afghanistan,2017,2335.79586234454
Afghanistan,2018,2432.27670083336
Afghanistan,2019,2583.48533239877
Afghanistan,2020,2561.98176058622
Afghanistan,2021,2144.16657002819
Afghanistan,2022,2122.99581512665
Afghanistan,2023,2211.28063454007
Angola,2015,7119.72644274401
Angola,2016,6843.73589660504
Angola,2017,6992.7288342812
Angola,2018,7347.79993635052
Angola,2019,7528.38241791217
Angola,2020,6450.74994625154
Angola,2021,7408.12659121059
Angola,2022,7924.88880583905
Angola,2023,8040.70244971812
Albania,2015,11662.0362602873
Albania,2016,12078.859007524
Albania,2017,12771.0344395233
Albania,2018,13696.7885617842
Albania,2019,14792.2572244853
Albania,2020,14511.9838623115
Albania,2021,16127.7532581824
Albania,2022,19446.2366628501
Albania,2023,21263.1956590519
Andorra,2015,50733.2390011701
Andorra,2016,53110.1426270832
Andorra,2017,53084.8639640903
Andorra,2018,55244.6554088177
Andorra,2019,57475.0692842215
Andorra,2020,52095.8414004627
Andorra,2021,59332.2029100127
Andorra,2022,68470.075948385
Andorra,2023,71730.6686821645
United Arab Emirates,2015,71720.3084491294
United Arab Emirates,2016,67702.1473930392
United Arab Emirates,2017,68043.2312133421
United Arab Emirates,2018,75071.1800501443
United Arab Emirates,2019,76884.9468968289
United Arab Emirates,2020,65352.8344194961
United Arab Emirates,2021,67401.1212950201
United Arab Emirates,2022,73777.7443949344
United Arab Emirates,2023,76110.3848456483
Argentina,2015,19899.1499275245
Argentina,2016,20105.761359796
Argentina,2017,23385.0740904917
Argentina,2018,24410.3919063335
Argentina,2019,23516.8261980886
Argentina,2020,22393.3479575353
Argentina,2021,26300.274261175
Argentina,2022,29597.6938429264
Argentina,2023,30082.3045247323
Armenia,2015,9756.84084836026
Armenia,2016,10570.2720413936
Armenia,2017,12066.0043093819
Armenia,2018,12877.4937543553
Armenia,2019,14975.7539538157
Armenia,2020,14706.3173043422
Armenia,2021,15921.705281964
Armenia,2022,19161.370051419
Armenia,2023,21342.5145334886
Antigua and Barbuda,2015,20989.3858896307
Antigua and Barbuda,2016,21321.7097579145
Antigua and Barbuda,2017,21370.3095091624
Antigua and Barbuda,2018,24524.2137953887
Antigua and Barbuda,2019,26533.7301936962
Antigua and Barbuda,2020,22356.7687224849
Antigua and Barbuda,2021,25733.2948269644
Antigua and Barbuda,2022,30031.7474698743
Antigua and Barbuda,2023,32149.1403648823
Australia,2015,46263.731388772
Australia,2016,47260.1529933747
Australia,2017,48371.1409956585
Australia,2018,50183.6898127634
Australia,2019,52673.0638176231
Australia,2020,53984.1246979075
Australia,2021,58182.3369477501
Australia,2022,65871.7715157769
Australia,2023,70497.1524466689
Austria,2015,49562.5939257986
Austria,2016,52397.8635176673
Austria,2017,53869.8321183555
Austria,2018,56636.4953030539
Austria,2019,60354.9279422121
Austria,2020,58523.0337816244
Austria,2021,62968.9422311889
Austria,2022,70734.94256479
Austria,2023,70478.7873635411
Azerbaijan,2015,15075.2726347911
Azerbaijan,2016,14535.8020210633
Azerbaijan,2017,14315.929643106
Azerbaijan,2018,15282.9995232298
Azerbaijan,2019,16675.3179361558
Azerbaijan,2020,15163.5703327282
Azerbaijan,2021,20111.3756952109
Azerbaijan,2022,22552.114937879
Azerbaijan,2023,23597.8378621757
Burundi,2015,797.426234406883
Burundi,2016,771.987433717541
Burundi,2017,761.26925722129
Burundi,2018,753.455516066195
Burundi,2019,779.197990653363
Burundi,2020,786.515830674648
Burundi,2021,836.665571337829
Burundi,2022,888.518158386928
Burundi,2023,919.906646235639
Belgium,2015,46084.2424551717
Belgium,2016,48414.5518065681
Belgium,2017,50256.0631772784
Belgium,2018,52466.7330784599
Belgium,2019,56712.4695719782
Belgium,2020,56120.0958420466
Belgium,2021,60666.3364518842
Belgium,2022,68137.6550260291
Belgium,2023,69072.8333852392
Benin,2015,2725.33724817144
Benin,2016,2842.0246258376
Benin,2017,2885.89383987721
Benin,2018,2965.30628143664
Benin,2019,3148.97969597838
Benin,2020,3244.58772756805
Benin,2021,3464.2886286745
Benin,2022,3844.16493382584
Benin,2023,4129.97941493295
Burkina Faso,2015,1691.57935387408
Burkina Faso,2016,1881.75893134407
Burkina Faso,2017,2042.40295259917
Burkina Faso,2018,2073.3235382155
Burkina Faso,2019,2232.16282016585
Burkina Faso,2020,2380.72282781802
Burkina Faso,2021,2486.43093147762
Burkina Faso,2022,2641.87011276969
Burkina Faso,2023,2754.71346543425
Bangladesh,2015,4212.23578089428
Bangladesh,2016,4579.13228682862
Bangladesh,2017,4882.60692615639
Bangladesh,2018,5490.15881865179
Bangladesh,2019,6047.12401504125
Bangladesh,2020,6640.58437331062
Bangladesh,2021,7441.06913961254
Bangladesh,2022,8450.54902533944
Bangladesh,2023,9147.77750665547
Bulgaria,2015,18391.0123064568
Bulgaria,2016,20065.7403845287
Bulgaria,2017,21457.976465221
Bulgaria,2018,22977.688151421
Bulgaria,2019,25434.84084603
Bulgaria,2020,25863.2195494549
Bulgaria,2021,29305.3547082553
Bulgaria,2022,34855.890730428
Bulgaria,2023,37507.7733965202
Bahrain,2015,48034.2468880503
Bahrain,2016,47428.9018907649
Bahrain,2017,50184.5005767301
Bahrain,2018,51993.1307818652
Bahrain,2019,56599.5214364411
Bahrain,2020,53436.0316999712
Bahrain,2021,54954.6757895532
Bahrain,2022,61562.1414837823
Bahrain,2023,63497.6169362333
"Bahamas, The",2015,31687.724047011
"Bahamas, The",2016,31916.2517635492
"Bahamas, The",2017,33703.2226750049
"Bahamas, The",2018,34668.809181369
"Bahamas, The",2019,35406.5739124983
"Bahamas, The",2020,26141.4530002473
"Bahamas, The",2021,29340.4723479708
"Bahamas, The",2022,34719.2847669033
"Bahamas, The",2023,36742.0620432456
Bosnia and Herzegovina,2015,11848.6758534162
Bosnia and Herzegovina,2016,12899.4155514915
Bosnia and Herzegovina,2017,13627.1680327978
Bosnia and Herzegovina,2018,14858.5348129737
Bosnia and Herzegovina,2019,16428.7164804757
Bosnia and Herzegovina,2020,16369.8505988886
Bosnia and Herzegovina,2021,18286.9087810368
Bosnia and Herzegovina,2022,21117.2051973262
Bosnia and Herzegovina,2023,22449.150301736
Belarus,2015,18133.5696288888
Belarus,2016,17832.4778855815
Belarus,2017,18413.7127377197
Belarus,2018,20026.0306698699
Belarus,2019,22301.5766886376
Belarus,2020,24872.3398993711
Belarus,2021,27611.1801135156
Belarus,2022,28429.4948814534
Belarus,2023,30763.0198215957
Belize,2015,9538.19054142614
Belize,2016,9401.53293960018
Belize,2017,9121.74716397996
Belize,2018,9527.70914005255
Belize,2019,10531.3234398626
Belize,2020,9618.01643529994
Belize,2021,11677.4610095172
Belize,2022,13465.9807069861
Belize,2023,13823.4379513758
Bermuda,2015,75943.4642970922
Bermuda,2016,80412.1834895484
Bermuda,2017,85680.9701917217
Bermuda,2018,85978.2177227009
Bermuda,2019,90984.457670832
Bermuda,2020,85143.7179221205
Bermuda,2021,92276.2346046359
Bermuda,2022,105048.434014574
Bermuda,2023,108810.998438551
Bolivia,2015,7152.04465008671
Bolivia,2016,7547.90376778126
Bolivia,2017,8510.26685556152
Bolivia,2018,8952.58785283125
Bolivia,2019,9174.44563456336
Bolivia,2020,8293.99121184441
Bolivia,2021,9454.19814726348
Bolivia,2022,10371.9629040947
Bolivia,2023,10925.2730516706
Brazil,2015,14821.438318195
Brazil,2016,14309.2061473297
Brazil,2017,14559.0488894794
Brazil,2018,15463.7426396097
Brazil,2019,16069.8380163501
Brazil,2020,16101.618305077
Brazil,2021,18075.7060063108
Brazil,2022,19876.8533546887
Brazil,2023,21107.2821033791
Barbados,2015,17804.7490038367
Barbados,2016,18013.6734415905
Barbados,2017,17898.8994551274
Barbados,2018,18551.1686491129
Barbados,2019,18760.3700129938
Barbados,2020,15824.49106614
Barbados,2021,15683.8847128096
Barbados,2022,19786.3615156208
Barbados,2023,21336.1575553015
Brunei Darussalam,2015,62707.8263582428
Brunei Darussalam,2016,56679.5185751306
Brunei Darussalam,2017,61657.6802809744
Brunei Darussalam,2018,65148.8264520382
Brunei Darussalam,2019,69353.6798666178
Brunei Darussalam,2020,69787.9633393605
Brunei Darussalam,2021,78248.7971101454
Brunei Darussalam,2022,81801.7459082792
Brunei Darussalam,2023,85267.5530498505
Bhutan,2015,10213.8139630438
Bhutan,2016,11273.2823798666
Bhutan,2017,11677.4142686794
Bhutan,2018,11969.5614973058
Bhutan,2019,12909.1009832232
Bhutan,2020,12475.0480046964
Bhutan,2021,13458.8126642925
Bhutan,2022,15063.8105697833
Botswana,2015,14143.6940733728
Botswana,2016,16228.1231235664
Botswana,2017,15700.6650479641
Botswana,2018,15785.819633781
Botswana,2019,15960.0156143903
Botswana,2020,15292.3028420199
Botswana,2021,17961.3576218457
Botswana,2022,19977.6508534267
Botswana,2023,20916.4015457301
Central African Republic,2015,768.870887999174
Central African Republic,2016,826.013301383169
Central African Republic,2017,883.810734876066
Central African Republic,2018,905.817788941094
Central African Republic,2019,984.843183678857
Central African Republic,2020,1066.29005423151
Central African Republic,2021,1128.55237996459
Central African Republic,2022,1218.43422114745
Central African Republic,2023,1259.82439976102
Canada,2015,44669.4513631838
Canada,2016,46470.6466391111
Canada,2017,48317.3874457165
Canada,2018,49982.5999118348
Canada,2019,50498.9731057448
Canada,2020,48590.6832121939
Canada,2021,56575.0175664858
Canada,2022,62733.641579814
Canada,2023,63524.7038742635
Switzerland,2015,65282.5841931923
Switzerland,2016,67350.7518747757
Switzerland,2017,68193.5054944094
Switzerland,2018,70688.8187491194
Switzerland,2019,73732.2353322093
Switzerland,2020,72997.8239503282
Switzerland,2021,80812.5910974037
Switzerland,2022,90214.7562721776
Switzerland,2023,89546.278488259
Chile,2015,22457.8800611733
Chile,2016,23256.5036046897
Chile,2017,24295.2237671304
Chile,2018,25305.0903462611
Chile,2019,25611.7578269458
Chile,2020,25350.8635082972
Chile,2021,29107.3294950456
Chile,2022,30911.4104010224
Chile,2023,32802.8722248605
China,2015,13201.6738280782
China,2016,13882.0280462079
China,2017,14750.3658330379
China,2018,16006.9131210004
China,2019,17262.1759037355
China,2020,17891.4802869971
China,2021,20406.7296584605
China,2022,22509.6363514159
China,2023,24569.2865118726
Cote d'Ivoire,2015,4403.64296618998
Cote d'Ivoire,2016,4530.64849808487
Cote d'Ivoire,2017,4690.17801861096
Cote d'Ivoire,2018,4945.62520575915
Cote d'Ivoire,2019,5516.39055126829
Cote d'Ivoire,2020,5543.85096318939
Cote d'Ivoire,2021,6045.20480490879
Cote d'Ivoire,2022,6707.9479515214
Cote d'Ivoire,2023,7197.690104362
Cameroon,2015,3497.66067563959
Cameroon,2016,3626.99932028578
Cameroon,2017,3767.43072883824
Cameroon,2018,4010.76360069526
Cameroon,2019,4241.11174920592
Cameroon,2020,4365.44704128392
Cameroon,2021,4793.55628200196
Cameroon,2022,5188.97750866084
Cameroon,2023,5405.57465742866
"Congo, Dem. Rep.",2015,859.143482737815
"Congo, Dem. Rep.",2016,913.955559409226
"Congo, Dem. Rep.",2017,1003.25735502912
"Congo, Dem. Rep.",2018,1069.28163391342
"Congo, Dem. Rep.",2019,1167.32061572833
"Congo, Dem. Rep.",2020,1136.00839556367
"Congo, Dem. Rep.",2021,1313.61821829086
"Congo, Dem. Rep.",2022,1484.24116603544
"Congo, Dem. Rep.",2023,1615.75070528392
"Congo, Rep.",2015,4715.13431581624
"Congo, Rep.",2016,4016.04908525318
"Congo, Rep.",2017,4444.63900215824
"Congo, Rep.",2018,5593.19370578686
"Congo, Rep.",2019,5719.59977338291
"Congo, Rep.",2020,4770.96449758365
"Congo, Rep.",2021,6263.21161292636
"Congo, Rep.",2022,6647.49681731392
"Congo, Rep.",2023,6850.27770621093
Colombia,2015,13332.0555048211
Colombia,2016,14026.8399931053
Colombia,2017,14400.6139849314
Colombia,2018,15239.4049488277
Colombia,2019,16181.5908990662
Colombia,2020,15519.2101694656
Colombia,2021,17383.0901728295
Colombia,2022,20677.6225653502
Colombia,2023,20784.4996427902
Comoros,2015,2949.47342240994
Comoros,2016,3139.05160740465
Comoros,2017,3347.45652997483
Comoros,2018,3304.54845189025
Comoros,2019,3312.74957050544
Comoros,2020,3261.59496762745
Comoros,2021,3441.21155585858
Comoros,2022,3709.90007443695
Comoros,2023,3883.12647595233
Кабо-Верде,2015,6773.48679969386
Кабо-Верде,2016,7350.75358726727
Кабо-Верде,2017,7935.76176281072
Кабо-Верде,2018,7916.42115326174
Кабо-Верде,2019,8645.75646859343
Кабо-Верде,2020,6852.57669930355
Кабо-Верде,2021,7685.41921393669
Кабо-Верде,2022,9481.07335405609
Кабо-Верде,2023,10308.6791674628
Costa Rica,2015,17525.1404625145
Costa Rica,2016,19201.7453233396
Costa Rica,2017,20499.3442130778
Costa Rica,2018,21498.0350746836
Costa Rica,2019,23339.6091317787
Costa Rica,2020,22099.8678127394
Costa Rica,2021,23852.9253020002
Costa Rica,2022,25924.7403788443
Costa Rica,2023,28075.1421722141
Curacao,2015,24037.6486252583
Curacao,2016,23649.5914937775
Curacao,2017,24321.7467432044
Curacao,2018,24623.0413085512
Curacao,2019,25396.9967729561
Curacao,2020,21797.0190515902
Curacao,2021,25163.9936597935
Curacao,2022,29275.7201652066
Curacao,2023,32059.7222328263
Cayman Islands,2015,64009.3167970419
Cayman Islands,2016,65680.0748270553
Cayman Islands,2017,68017.6758327335
Cayman Islands,2018,71811.8917405219
Cayman Islands,2019,72697.3672861884
Cayman Islands,2020,66118.6545207023
Cayman Islands,2021,74150.8580949692
Cayman Islands,2022,81803.0976481797
Cayman Islands,2023,86689.2088816425
Cyprus,2015,31930.916015625
Cyprus,2016,35878.59375
Cyprus,2017,38415.203125
Cyprus,2018,40925.36328125
Cyprus,2019,45116.66796875
Cyprus,2020,43353.875
Cyprus,2021,48784.578125
Cyprus,2022,56019.41796875
Cyprus,2023,57213.8203125
Czechia,2015,34102.176988058
Czechia,2016,36445.0485732064
Czechia,2017,39346.0305642572
Czechia,2018,41638.1831076598
Czechia,2019,45614.0171132531
Czechia,2020,44839.4822099456
Czechia,2021,47796.0337408466
Czechia,2022,51709.8373933964
Czechia,2023,53217.4217427742
Germany,2015,48558.4432970969
Germany,2016,51569.9016841198
Germany,2017,54110.2536648815
Germany,2018,56273.0405627015
Germany,2019,59270.7276496985
Germany,2020,58685.8726997709
Germany,2021,62530.7653199241
Germany,2022,67589.8399055417
Germany,2023,69205.8830713936
Djibouti,2015,4263.96288890455
Djibouti,2016,4431.56588556176
Djibouti,2017,4676.71336058903
Djibouti,2018,5083.11438886705
Djibouti,2019,5398.00419189126
Djibouti,2020,5599.10076126003
Djibouti,2021,5947.86088370479
Djibouti,2022,6517.37589344039
Djibouti,2023,7103.6910898466
Dominica,2015,11212.6835140893
Dominica,2016,12174.2434963099
Dominica,2017,11754.0766098858
Dominica,2018,13307.451499265
Dominica,2019,15206.9011569294
Dominica,2020,13577.826654652
Dominica,2021,15594.2853457545
Dominica,2022,17738.1144882758
Dominica,2023,19333.7646058722
Denmark,2015,48910.3324371901
Denmark,2016,51820.9521305488
Denmark,2017,55271.5976002662
Denmark,2018,57233.6231685615
Denmark,2019,60594.9664001912
Denmark,2020,62682.2899474389
Denmark,2021,69715.1809680931
Denmark,2022,77400.3348008883
Denmark,2023,73737.4475447105
Dominican Republic,2015,14845.4106308462
Dominican Republic,2016,16314.8920957459
Dominican Republic,2017,17043.8723098219
Dominican Republic,2018,18113.539179722
Dominican Republic,2019,19721.360927265
Dominican Republic,2020,19070.3811777135
Dominican Republic,2021,21912.2589614037
Dominican Republic,2022,24379.8733515798
Dominican Republic,2023,25624.0097724218
Algeria,2015,13807.3515841478
Algeria,2016,13437.8460232169
Algeria,2017,13493.560749484
Algeria,2018,13727.1266357859
Algeria,2019,13892.5333446205
Algeria,2020,12676.5130564294
Algeria,2021,14496.8654697299
Algeria,2022,15836.0944368871
Algeria,2023,16824.4879032987
Восточная Азия и Тихоокеанский регион (только развивающиеся страны),2015,11970.6431002047
Восточная Азия и Тихоокеанский регион (только развивающиеся страны),2016,12557.4684751084
Восточная Азия и Тихоокеанский регион (только развивающиеся страны),2017,13306.2712349399
Восточная Азия и Тихоокеанский регион (только развивающиеся страны),2018,14393.8238896544
Восточная Азия и Тихоокеанский регион (только развивающиеся страны),2019,15457.1466634341
Восточная Азия и Тихоокеанский регион (только развивающиеся страны),2020,15763.5197910972
Восточная Азия и Тихоокеанский регион (только развивающиеся страны),2021,17676.4470634892
Восточная Азия и Тихоокеанский регион (только развивающиеся страны),2022,19575.97008976
Восточная Азия и Тихоокеанский регион (только развивающиеся страны),2023,21258.2478369775
Восточная Азия и Тихоокеанский регион (все уровни дохода),2015,15275.806807329
Восточная Азия и Тихоокеанский регион (все уровни дохода),2016,15837.0432798432
Восточная Азия и Тихоокеанский регион (все уровни дохода),2017,16626.3498956177
Восточная Азия и Тихоокеанский регион (все уровни дохода),2018,17732.6356498084
Восточная Азия и Тихоокеанский регион (все уровни дохода),2019,18787.1073890843
Восточная Азия и Тихоокеанский регион (все уровни дохода),2020,19092.4445105401
Восточная Азия и Тихоокеанский регион (все уровни дохода),2021,21167.8811151034
Восточная Азия и Тихоокеанский регион (все уровни дохода),2022,23280.8744601398
Восточная Азия и Тихоокеанский регион (все уровни дохода),2023,25067.3934710428
Европа и Центральная Азия (только развивающиеся страны),2015,16059.4508308533
Европа и Центральная Азия (только развивающиеся страны),2016,16652.2329795977
Европа и Центральная Азия (только развивающиеся страны),2017,17590.911873326
Европа и Центральная Азия (только развивающиеся страны),2018,18188.7166480002
Европа и Центральная Азия (только развивающиеся страны),2019,19259.8791952071
Европа и Центральная Азия (только развивающиеся страны),2020,19587.5833469025
Европа и Центральная Азия (только развивающиеся страны),2021,21838.4617838384
Европа и Центральная Азия (только развивающиеся страны),2022,24920.9905957066
Европа и Центральная Азия (только развивающиеся страны),2023,27264.9968559641
Европа и Центральная Азия (все уровни дохода),2015,31017.8996567657
Европа и Центральная Азия (все уровни дохода),2016,32424.4655559132
Европа и Центральная Азия (все уровни дохода),2017,34152.2874060484
Европа и Центральная Азия (все уровни дохода),2018,35853.3424388769
Европа и Центральная Азия (все уровни дохода),2019,38462.4301984675
Европа и Центральная Азия (все уровни дохода),2020,37926.6436369922
Европа и Центральная Азия (все уровни дохода),2021,42260.571386932
Европа и Центральная Азия (все уровни дохода),2022,47017.2062456233
Европа и Центральная Азия (все уровни дохода),2023,48817.6625241728
Ecuador,2015,10877.7507461388
Ecuador,2016,10881.4890706732
Ecuador,2017,11793.4797426944
Ecuador,2018,12186.8847218273
Ecuador,2019,12543.0147078172
Ecuador,2020,11526.8011806884
Ecuador,2021,13539.7108484794
Ecuador,2022,15280.096372305
Ecuador,2023,16062.0163648341
"Egypt, Arab Rep.",2015,10903.3368231185
"Egypt, Arab Rep.",2016,10665.6676499685
"Egypt, Arab Rep.",2017,11124.7351098149
"Egypt, Arab Rep.",2018,12329.2446781436
"Egypt, Arab Rep.",2019,13363.732696323
"Egypt, Arab Rep.",2020,15231.865417764
"Egypt, Arab Rep.",2021,15579.0160861551
"Egypt, Arab Rep.",2022,17526.8017030166
"Egypt, Arab Rep.",2023,18524.5572197031
Spain,2015,35220.9762033929
Spain,2016,37591.7431945534
Spain,2017,39806.4420431184
Spain,2018,41001.3588703988
Spain,2019,44027.4932307597
Spain,2020,39322.6743086402
Spain,2021,44277.8225378494
Spain,2022,50496.6017551546
Spain,2023,53229.9220217947
Estonia,2015,29720.5911161676
Estonia,2016,31947.7769107437
Estonia,2017,34506.6486942505
Estonia,2018,37120.9879761679
Estonia,2019,40586.3784378889
Estonia,2020,40672.1340402132
Estonia,2021,44251.5374983456
Estonia,2022,47802.0073086126
Estonia,2023,46790.2700170266
Ethiopia,2015,1632.61818006837
Ethiopia,2016,1857.54893125842
Ethiopia,2017,2004.74759745913
Ethiopia,2018,2095.31797038653
Ethiopia,2019,2242.44459025146
Ethiopia,2020,2406.78942878966
Ethiopia,2021,2588.41296931036
Ethiopia,2022,2844.90683529484
Ethiopia,2023,3058.12804387633
Finland,2015,42269.2212218196
Finland,2016,44562.4011072069
Finland,2017,47234.8528600939
Finland,2018,49248.6775395868
Finland,2019,52276.1115723994
Finland,2020,53296.5792798852
Finland,2021,56790.3766177689
Finland,2022,61344.6222226547
Finland,2023,61734.459805757
Fiji,2015,11733.7429658024
Fiji,2016,11984.5635759745
Fiji,2017,12819.563484721
Fiji,2018,13225.9194522037
Fiji,2019,13219.697552636
Fiji,2020,11235.2760832988
Fiji,2021,10685.1969806618
Fiji,2022,13672.2356371837
Fiji,2023,15152.1376449166
France,2015,40916.10535718
France,2016,42880.2351355429
France,2017,44469.1458856805
France,2018,46381.0590629455
France,2019,51130.472314058
France,2020,49481.8044309652
France,2021,52517.3354905857
France,2022,56181.0058137403
France,2023,58317.828030698
Faroe Islands,2015,53682.1715306077
Faroe Islands,2016,54318.3039329688
Faroe Islands,2017,56413.9834851915
Faroe Islands,2018,58930.8202815502
Faroe Islands,2019,62219.8390292479
Faroe Islands,2020,61643.8149298644
Faroe Islands,2021,67757.7773227559
Faroe Islands,2022,74282.3069948875
Faroe Islands,2023,78103.483399586
"Micronesia, Fed. Sts.",2015,3346.80950593815
"Micronesia, Fed. Sts.",2016,3383.79701205211
"Micronesia, Fed. Sts.",2017,3459.86474185405
"Micronesia, Fed. Sts.",2018,3525.34462623042
"Micronesia, Fed. Sts.",2019,3717.18067032727
"Micronesia, Fed. Sts.",2020,3671.61362363374
"Micronesia, Fed. Sts.",2021,3921.72503036883
"Micronesia, Fed. Sts.",2022,4150.40933444852
"Micronesia, Fed. Sts.",2023,4313.62760101578
Gabon,2015,14306.4340768252
Gabon,2016,13997.7352841911
Gabon,2017,14796.6286374171
Gabon,2018,15432.0430535353
Gabon,2019,15949.6373739622
Gabon,2020,14477.1308291745
Gabon,2021,18523.5798032193
Gabon,2022,19992.5570642927
Gabon,2023,20757.0723768678
United Kingdom,2015,42508.2708340719
United Kingdom,2016,44082.1164678492
United Kingdom,2017,46048.2000506645
United Kingdom,2018,47090.4848967293
United Kingdom,2019,49911.1566522001
United Kingdom,2020,47987.5832915072
United Kingdom,2021,50972.2445879987
United Kingdom,2022,58382.9758958382
United Kingdom,2023,58225.131161573
Georgia,2015,12269.6528932768
Georgia,2016,13065.294157468
Georgia,2017,13718.9378669764
Georgia,2018,15021.9057577433
Georgia,2019,16770.1333771469
Georgia,2020,16791.2598654465
Georgia,2021,18915.6534005263
Georgia,2022,22461.3326414548
Georgia,2023,25071.9677147202
Ghana,2015,5191.37053389659
Ghana,2016,5011.07931572904
Ghana,2017,5170.96094857439
Ghana,2018,5536.49795400218
Ghana,2019,6002.55044678386
Ghana,2020,6047.30111673554
Ghana,2021,6607.50297378321
Ghana,2022,7209.03673375227
Ghana,2023,7543.02674728777
Guinea,2015,1929.68091332187
Guinea,2016,2255.32617992615
Guinea,2017,2687.09504827171
Guinea,2018,2844.46427670549
Guinea,2019,3105.82789015443
Guinea,2020,3331.85663003801
Guinea,2021,3738.8051255133
Guinea,2022,4062.36136437923
Guinea,2023,4383.15219659423
"Gambia, The",2015,1990.31625750973
"Gambia, The",2016,2012.67648180251
"Gambia, The",2017,2038.95429850128
"Gambia, The",2018,2277.44236224191
"Gambia, The",2019,2421.72318070615
"Gambia, The",2020,2530.80414937307
"Gambia, The",2021,2777.79620978324
"Gambia, The",2022,3067.31040374628
"Gambia, The",2023,3254.37457704257
Guinea-Bissau,2015,1729.94260310123
Guinea-Bissau,2016,1824.3730977071
Guinea-Bissau,2017,2081.81287227685
Guinea-Bissau,2018,2057.96969129146
Guinea-Bissau,2019,2236.62931389656
Guinea-Bissau,2020,2259.29992070284
Guinea-Bissau,2021,2450.97796398284
Guinea-Bissau,2022,2685.75185932065
Guinea-Bissau,2023,2862.07122513845
Equatorial Guinea,2015,19478.7010123338
Equatorial Guinea,2016,16649.4757672359
Equatorial Guinea,2017,18434.7708571004
Equatorial Guinea,2018,18413.1294204577
Equatorial Guinea,2019,16451.3641478324
Equatorial Guinea,2020,13677.110587517
Equatorial Guinea,2021,16821.4486470413
Equatorial Guinea,2022,18139.9893266271
Equatorial Guinea,2023,17411.5002343839
Greece,2015,26614.8483754225
Greece,2016,27504.5497984948
Greece,2017,28681.6815585005
Greece,2018,29792.0592519585
Greece,2019,31927.3792151369
Greece,2020,29533.087740299
Greece,2021,33531.1551122601
Greece,2022,38969.0221675373
Greece,2023,41181.9912164326
Grenada,2015,13214.4096644941
Grenada,2016,13977.5055879135
Grenada,2017,15041.4525712067
Grenada,2018,15974.8591933124
Grenada,2019,16446.1138871871
Grenada,2020,14361.1267154452
Grenada,2021,15298.1231115237
Grenada,2022,17554.7320332415
Grenada,2023,18807.9447446443
Greenland,2015,55815.6502883608
Greenland,2016,58908.5907737767
Greenland,2017,60010.0982907298
Greenland,2018,61806.8271308174
Greenland,2019,64264.0564607393
Greenland,2020,64857.6287053798
Greenland,2021,68086.4601238175
Guatemala,2015,8934.00234903182
Guatemala,2016,9201.42770060247
Guatemala,2017,9560.17427571403
Guatemala,2018,9946.80385923331
Guatemala,2019,10755.8780911166
Guatemala,2020,10947.3705618969
Guatemala,2021,11828.3300095601
Guatemala,2022,13019.4785883909
Guatemala,2023,13750.28790648
Guyana,2015,11408.473901349
Guyana,2016,11516.3798289577
Guyana,2017,12243.2225968541
Guyana,2018,12442.5087185876
Guyana,2019,13240.9713761155
Guyana,2020,16819.4228714695
Guyana,2021,22865.9321661614
Guyana,2022,39710.9668873971
Guyana,2023,54732.1440663013
Высокий уровень дохода,2015,43095.0317464636
Высокий уровень дохода,2016,44261.5945233133
Высокий уровень дохода,2017,46197.073366931
Высокий уровень дохода,2018,48465.0331681549
Высокий уровень дохода,2019,50843.7127316395
Высокий уровень дохода,2020,49778.6556435641
Высокий уровень дохода,2021,55301.139936757
Высокий уровень дохода,2022,60749.540914124
Высокий уровень дохода,2023,63189.1518332032
"Hong Kong SAR, China",2015,56043.042695697
"Hong Kong SAR, China",2016,56761.4824132224
"Hong Kong SAR, China",2017,59260.9131761938
"Hong Kong SAR, China",2018,60900.2752924537
"Hong Kong SAR, China",2019,61221.4195400701
"Hong Kong SAR, China",2020,58187.4764072535
"Hong Kong SAR, China",2021,65884.9376260603
"Hong Kong SAR, China",2022,68602.277510883
"Hong Kong SAR, China",2023,71548.9642046156
Honduras,2015,4845.59566521125
Honduras,2016,5186.15897417161
Honduras,2017,5620.65455247733
Honduras,2018,5633.3832384519
Honduras,2019,5784.93081057111
Honduras,2020,5384.69831983038
Honduras,2021,6202.98078812037
Honduras,2022,6805.4935829456
Honduras,2023,7178.80729487996
Бедные страны с высоким уровнем задолженности (ХИПК),2015,2357.51478833668
Бедные страны с высоким уровнем задолженности (ХИПК),2016,2453.6078207941
Бедные страны с высоким уровнем задолженности (ХИПК),2017,2541.71781719658
Бедные страны с высоким уровнем задолженности (ХИПК),2018,2646.27060936276
Бедные страны с высоким уровнем задолженности (ХИПК),2019,2781.96953883233
Бедные страны с высоким уровнем задолженности (ХИПК),2020,2776.7014897995
Бедные страны с высоким уровнем задолженности (ХИПК),2021,2970.85854710621
Бедные страны с высоким уровнем задолженности (ХИПК),2022,3238.32067166964
Бедные страны с высоким уровнем задолженности (ХИПК),2023,3391.41542852495
Croatia,2015,23759.0502658242
Croatia,2016,25804.7667593252
Croatia,2017,27889.6335304462
Croatia,2018,29789.1942638744
Croatia,2019,33064.258957046
Croatia,2020,31595.874270133
Croatia,2021,36932.6680272861
Croatia,2022,41959.5293828373
Croatia,2023,45602.960114716
Haiti,2015,3025.83461728258
Haiti,2016,3253.47178641614
Haiti,2017,3339.38884653446
Haiti,2018,3196.97386370614
Haiti,2019,3236.97492504607
Haiti,2020,3103.18066312462
Haiti,2021,3134.95014938417
Haiti,2022,3264.93354407907
Haiti,2023,3281.21232071513
Hungary,2015,26806.0445899811
Hungary,2016,27941.9268571832
Hungary,2017,29496.1636824744
Hungary,2018,31908.863454349
Hungary,2019,35152.6036961244
Hungary,2020,35029.9132233256
Hungary,2021,38324.1814872656
Hungary,2022,43701.9129411187
Hungary,2023,45021.3009970981
Indonesia,2015,10027.5372996025
Indonesia,2016,10262.5951651871
Indonesia,2017,10687.6409218443
Indonesia,2018,11372.0971987612
Indonesia,2019,11986.4701508376
Indonesia,2020,11729.3674458448
Indonesia,2021,12757.0746440204
Indonesia,2022,14284.9594238784
Indonesia,2023,15415.6057934697
India,2015,5425.03599091046
India,2016,5800.48149366552
India,2017,6144.71714444938
India,2018,6714.96639877754
India,2019,7150.92423452926
India,2020,6966.27542785911
India,2021,8050.01857452664
India,2022,9153.88084185646
India,2023,10166.2434105835
Ireland,2015,71607.4568294649
Ireland,2016,73126.2389477479
Ireland,2017,80786.0014664482
Ireland,2018,86843.7709423016
Ireland,2019,92808.0379408403
Ireland,2020,98866.4191423814
Ireland,2021,118701.844040248
Ireland,2022,137346.371719045
Ireland,2023,124900.938635241
"Iran, Islamic Rep.",2015,13689.7646428107
"Iran, Islamic Rep.",2016,14573.3219668948
"Iran, Islamic Rep.",2017,15070.2585821031
"Iran, Islamic Rep.",2018,14839.5691945218
"Iran, Islamic Rep.",2019,13348.4109509839
"Iran, Islamic Rep.",2020,14110.3191444298
"Iran, Islamic Rep.",2021,14951.8948716503
"Iran, Islamic Rep.",2022,16424.3773866975
"Iran, Islamic Rep.",2023,17659.8739291119
Iraq,2015,9334.46604866315
Iraq,2016,9079.13531769496
Iraq,2017,10191.6616988639
Iraq,2018,12034.4011214944
Iraq,2019,12248.5917385963
Iraq,2020,10573.9304750715
Iraq,2021,12731.7535755128
Iraq,2022,14348.5744335333
Iraq,2023,14107.2979268389
Iceland,2015,49214.2648614584
Iceland,2016,53480.3971946764
Iceland,2017,55638.4920591796
Iceland,2018,57197.7676247173
Iceland,2019,60523.8179440827
Iceland,2020,55796.7454667634
Iceland,2021,61741.5794063777
Iceland,2022,73614.9423025742
Iceland,2023,76356.8105649868
Israel,2015,35780.7071153367
Israel,2016,38072.6704682242
Israel,2017,39336.0059707889
Israel,2018,40067.2235719904
Israel,2019,41222.6350870522
Israel,2020,41051.0225268553
Israel,2021,46148.5808533601
Israel,2022,53545.8088875343
Israel,2023,54057.0484059067
Italy,2015,37085.9802319781
Italy,2016,40140.5036102244
Italy,2017,41770.2838289238
Italy,2018,43190.5958275406
Italy,2019,46661.9105159611
Italy,2020,44435.6434393527
Italy,2021,49825.3934111854
Italy,2022,56218.7664851317
Italy,2023,57801.3662624471
Jamaica,2015,8985.5766781795
Jamaica,2016,9399.25792305103
Jamaica,2017,9820.20736957038
Jamaica,2018,10035.2797738175
Jamaica,2019,10083.5268300622
Jamaica,2020,8991.16205633754
Jamaica,2021,9577.16421134079
Jamaica,2022,10790.1333004334
Jamaica,2023,11421.7535570054
Jordan,2015,8967.07995837808
Jordan,2016,8747.87860930851
Jordan,2017,9265.51536720733
Jordan,2018,9042.39781871198
Jordan,2019,9429.07279552037
Jordan,2020,9579.20081317696
Jordan,2021,9182.49616125602
Jordan,2022,9927.23419842979
Jordan,2023,10391.0136135688
Japan,2015,40906.594569246
Japan,2016,40596.9686628994
Japan,2017,41444.2157443914
Japan,2018,42141.9352987759
Japan,2019,42678.1511448355
Japan,2020,42438.44646009
Japan,2021,44315.4979912492
Japan,2022,47328.5386309954
Japan,2023,49793.9358226161
Kazakhstan,2015,22484.3651382607
Kazakhstan,2016,23023.0872293899
Kazakhstan,2017,23973.0602295651
Kazakhstan,2018,25096.1285862615
Kazakhstan,2019,28689.2710838374
Kazakhstan,2020,29039.8229624509
Kazakhstan,2021,32945.8515725823
Kazakhstan,2022,35895.0839871669
Kazakhstan,2023,38515.1836009977
Kenya,2015,3678.32614146019
Kenya,2016,3916.65315673095
Kenya,2017,4177.24993580267
Kenya,2018,4411.56104120886
Kenya,2019,4687.37782325306
Kenya,2020,4792.57315847182
Kenya,2021,5338.85243382781
Kenya,2022,5883.22303961924
Kenya,2023,6307.23249419297
Kyrgyz Republic,2015,4153.37704285776
Kyrgyz Republic,2016,4603.76001523246
Kyrgyz Republic,2017,4953.71794358678
Kyrgyz Republic,2018,4777.94212467918
Kyrgyz Republic,2019,5304.22758314405
Kyrgyz Republic,2020,5178.56235197227
Kyrgyz Republic,2021,5736.47883415154
Kyrgyz Republic,2022,6577.51264877534
Kyrgyz Republic,2023,7106.49114289303
Cambodia,2015,4433.64393500572
Cambodia,2016,4748.12428521528
Cambodia,2017,5050.06356615113
Cambodia,2018,5616.98087023303
Cambodia,2019,6153.99439528427
Cambodia,2020,5942.45380373929
Cambodia,2021,6225.53265474741
Cambodia,2022,6917.07012912421
Cambodia,2023,7425.51179063119
Kiribati,2015,2310.60241846895
Kiribati,2016,2462.83184707739
Kiribati,2017,2562.06483032858
Kiribati,2018,2671.76190653134
Kiribati,2019,2762.93711943669
Kiribati,2020,2735.83320723448
Kiribati,2021,3049.47380127289
Kiribati,2022,3340.04037873709
Kiribati,2023,3546.91818832629
St. Kitts and Nevis,2015,26877.4665031101
St. Kitts and Nevis,2016,28214.709934443
St. Kitts and Nevis,2017,29578.6311625727
St. Kitts and Nevis,2018,30794.8986482634
St. Kitts and Nevis,2019,32482.094417215
St. Kitts and Nevis,2020,27326.0360574232
St. Kitts and Nevis,2021,26896.617706598
St. Kitts and Nevis,2022,31883.0997800561
St. Kitts and Nevis,2023,33749.700420686
"Korea, Rep.",2015,37907.5003102016
"Korea, Rep.",2016,39575.4542830031
"Korea, Rep.",2017,40957.4180587145
"Korea, Rep.",2018,43044.2917633371
"Korea, Rep.",2019,43865.0416366745
"Korea, Rep.",2020,45142.7634505403
"Korea, Rep.",2021,48419.6432513509
"Korea, Rep.",2022,51231.4530663601
"Korea, Rep.",2023,52203.9685660494
Kuwait,2015,45267.3085910026
Kuwait,2016,41862.1739115059
Kuwait,2017,46565.5499003014
Kuwait,2018,51370.7320487321
Kuwait,2019,50703.0001377467
Kuwait,2020,41461.7235103219
Kuwait,2021,50689.0440784829
Kuwait,2022,54619.2185241072
Kuwait,2023,51561.3638127917
Латинская Америка и Карибский бассейн (только развивающиеся страны),2015,14749.3808680438
Латинская Америка и Карибский бассейн (только развивающиеся страны),2016,14976.12088039
Латинская Америка и Карибский бассейн (только развивающиеся страны),2017,15587.1984494069
Латинская Америка и Карибский бассейн (только развивающиеся страны),2018,16255.6245990015
Латинская Америка и Карибский бассейн (только развивающиеся страны),2019,16622.8824199193
Латинская Америка и Карибский бассейн (только развивающиеся страны),2020,15983.8873269221
Латинская Америка и Карибский бассейн (только развивающиеся страны),2021,17883.5353232022
Латинская Америка и Карибский бассейн (только развивающиеся страны),2022,19958.4124183841
Латинская Америка и Карибский бассейн (только развивающиеся страны),2023,20924.5213768296
Lao PDR,2015,6086.0673044622
Lao PDR,2016,6743.01053953037
Lao PDR,2017,7141.90652701767
Lao PDR,2018,7486.86452700433
Lao PDR,2019,7743.21906534261
Lao PDR,2020,7913.38660650276
Lao PDR,2021,8080.43553249923
Lao PDR,2022,8766.440626111
Lao PDR,2023,9291.78859001131
Lebanon,2015,17045.898285301
Lebanon,2016,18940.5901000453
Lebanon,2017,20963.8249472533
Lebanon,2018,21985.4884702241
Lebanon,2019,21710.4648750807
Lebanon,2020,16259.7051312281
Lebanon,2021,11599.7755083765
Lebanon,2022,12292.8407305502
Liberia,2015,1340.43279741197
Liberia,2016,1490.33581410026
Liberia,2017,1664.94481323566
Liberia,2018,1799.72751397748
Liberia,2019,1899.52200972855
Liberia,2020,1659.52109145991
Liberia,2021,1539.20892304674
Liberia,2022,1691.57275721852
Liberia,2023,1794.53340863361
Libya,2015,17903.2565395803
Libya,2016,16961.0177111717
Libya,2017,18026.0187834008
Libya,2018,18879.3151301984
Libya,2019,16194.1082061146
Libya,2020,10954.799045265
Libya,2021,12641.5097714075
Libya,2022,12272.8356181335
Libya,2023,13848.7950025505
St. Lucia,2015,14353.1342589508
St. Lucia,2016,15306.816825772
St. Lucia,2017,16131.0916878455
St. Lucia,2018,17433.3636909756
St. Lucia,2019,18710.142566869
St. Lucia,2020,14912.3806120843
St. Lucia,2021,19101.1652956676
St. Lucia,2022,24599.0309175485
St. Lucia,2023,25974.1960274448
Латинская Америка и Карибский бассейн (все уровни дохода),2015,15254.8832807104
Латинская Америка и Карибский бассейн (все уровни дохода),2016,15515.6981458537
Латинская Америка и Карибский бассейн (все уровни дохода),2017,16164.6720084898
Латинская Америка и Карибский бассейн (все уровни дохода),2018,16865.3635132795
Латинская Америка и Карибский бассейн (все уровни дохода),2019,17285.6069203248
Латинская Америка и Карибский бассейн (все уровни дохода),2020,16631.5555216125
Латинская Америка и Карибский бассейн (все уровни дохода),2021,18652.9818967797
Латинская Америка и Карибский бассейн (все уровни дохода),2022,20805.410293688
Латинская Америка и Карибский бассейн (все уровни дохода),2023,21856.6343132101
Низкий уровень дохода,2015,1752.82699627929
Низкий уровень дохода,2016,1853.63674916714
Низкий уровень дохода,2017,1904.5508409952
Низкий уровень дохода,2018,1971.48463000838
Низкий уровень дохода,2019,2055.9755250322
Низкий уровень дохода,2020,2049.40637457024
Низкий уровень дохода,2021,2160.86789388541
Низкий уровень дохода,2022,2333.95962584228
Низкий уровень дохода,2023,2411.33632700008
Sri Lanka,2015,12227.1714848593
Sri Lanka,2016,13078.560508697
Sri Lanka,2017,13616.1845987753
Sri Lanka,2018,14178.0225365529
Sri Lanka,2019,14112.9525046152
Sri Lanka,2020,12940.9045057722
Sri Lanka,2021,14316.1352225683
Sri Lanka,2022,14194.0225623532
Sri Lanka,2023,14460.7414188157
Уровень дохода ниже среднего,2015,5515.24790837817
Уровень дохода ниже среднего,2016,5778.15465505617
Уровень дохода ниже среднего,2017,6110.41148394989
Уровень дохода ниже среднего,2018,6561.68183757204
Уровень дохода ниже среднего,2019,6975.94574287097
Уровень дохода ниже среднего,2020,6936.81152524252
Уровень дохода ниже среднего,2021,7650.30399071811
Уровень дохода ниже среднего,2022,8586.86687486615
Уровень дохода ниже среднего,2023,9300.46598363465
Низкий и средний уровни дохода,2015,8878.25956925923
Низкий и средний уровни дохода,2016,9214.1713428122
Низкий и средний уровни дохода,2017,9681.96612288341
Низкий и средний уровни дохода,2018,10293.824422645
Низкий и средний уровни дохода,2019,10837.1327182417
Низкий и средний уровни дохода,2020,10827.4495352588
Низкий и средний уровни дохода,2021,12049.7988533642
Низкий и средний уровни дохода,2022,13365.002289089
Низкий и средний уровни дохода,2023,14357.6142806206
Lesotho,2015,3034.64692924848
Lesotho,2016,2942.18153663921
Lesotho,2017,2618.81820770145
Lesotho,2018,2632.28775223004
Lesotho,2019,2568.34114362719
Lesotho,2020,2559.09776834929
Lesotho,2021,2544.78249551214
Lesotho,2022,2761.31105002217
Lesotho,2023,2880.96631005117
Lithuania,2015,28915.5715133533
Lithuania,2016,30870.240539754
Lithuania,2017,33760.62939794
Lithuania,2018,36721.9325501206
Lithuania,2019,40809.9308244235
Lithuania,2020,41491.3281824274
Lithuania,2021,45997.037554115
Lithuania,2022,50498.3823963346
Lithuania,2023,50914.8638146666
Luxembourg,2015,107888.578352982
Luxembourg,2016,113365.176082265
Luxembourg,2017,114985.842235989
Luxembourg,2018,116498.512080919
Luxembourg,2019,121403.823719046
Luxembourg,2020,122114.101599326
Luxembourg,2021,135501.636645809
Luxembourg,2022,144872.696611716
Luxembourg,2023,139466.401466696
Latvia,2015,24137.87643586
Latvia,2016,25802.1555784175
Latvia,2017,27645.8226249653
Latvia,2018,29817.8047263182
Latvia,2019,32199.096037709
Latvia,2020,32741.4207691987
Latvia,2021,36913.7521122605
Latvia,2022,39965.2511409361
Latvia,2023,41491.5106686408
"Macao SAR, China",2015,108916.86260993
"Macao SAR, China",2016,107906.815674246
"Macao SAR, China",2017,120983.492894337
"Macao SAR, China",2018,129726.754015517
"Macao SAR, China",2019,126160.45417335
"Macao SAR, China",2020,57220.817061871
"Macao SAR, China",2021,74177.7825248277
"Macao SAR, China",2022,64373.9325445479
"Macao SAR, China",2023,116491.070017441
Morocco,2015,7799.09228515625
Morocco,2016,7853.17626953125
Morocco,2017,8115.12060546875
Morocco,2018,7801.0986328125
Morocco,2019,8046.22900390625
Morocco,2020,7704.84912109375
Morocco,2021,8623.265625
Morocco,2022,9283.92578125
Morocco,2023,9842.888671875
Moldova,2015,9197.61838204272
Moldova,2016,10325.8404896126
Moldova,2017,11252.1135465283
Moldova,2018,11868.1955463223
Moldova,2019,13413.2232935126
Moldova,2020,13527.4413130967
Moldova,2021,15682.0703284653
Moldova,2022,16381.3068315541
Moldova,2023,17596.8834167667
Madagascar,2015,1496.61172412841
Madagascar,2016,1561.51962374608
Madagascar,2017,1546.88001890817
Madagascar,2018,1546.59563549795
Madagascar,2019,1612.29772715626
Madagascar,2020,1490.32312837866
Madagascar,2021,1599.4127689767
Madagascar,2022,1738.29455252161
Madagascar,2023,1823.81732941305
Maldives,2015,17875.0989419262
Maldives,2016,18769.5060607629
Maldives,2017,19767.8893613468
Maldives,2018,21899.4292993843
Maldives,2019,23077.2112236652
Maldives,2020,13425.3674459601
Maldives,2021,19052.6224904311
Maldives,2022,22880.512315142
Maldives,2023,24735.0754169658
Ближний Восток и Северная Африка (все уровни дохода),2015,15897.1910624267
Ближний Восток и Северная Африка (все уровни дохода),2016,15663.7941219944
Ближний Восток и Северная Африка (все уровни дохода),2017,16379.1619177027
Ближний Восток и Северная Африка (все уровни дохода),2018,17354.4289230075
Ближний Восток и Северная Африка (все уровни дохода),2019,17284.849350311
Ближний Восток и Северная Африка (все уровни дохода),2020,16260.6418766888
Ближний Восток и Северная Африка (все уровни дохода),2021,17882.5783836594
Ближний Восток и Северная Африка (все уровни дохода),2022,19861.7994524518
Ближний Восток и Северная Африка (все уровни дохода),2023,20564.456560872
Mexico,2015,19075.3384701377
Mexico,2016,20104.5839787472
Mexico,2017,20488.7150800441
Mexico,2018,20921.4775277572
Mexico,2019,20964.2774813692
Mexico,2020,19354.1248698208
Mexico,2021,20782.5877456479
Mexico,2022,23345.4214285347
Mexico,2023,24789.6755981683
Marshall Islands,2015,4125.16169267758
Marshall Islands,2016,4366.25764214125
Marshall Islands,2017,4719.31304916998
Marshall Islands,2018,5232.20524861864
Marshall Islands,2019,6045.06240778328
Marshall Islands,2020,6136.97119690423
Marshall Islands,2021,6705.8752915044
Marshall Islands,2022,7332.30020832956
Marshall Islands,2023,7532.17477307826
Средний уровень дохода,2015,9656.89727891528
Средний уровень дохода,2016,10031.2856519037
Средний уровень дохода,2017,10558.6197096272
Средний уровень дохода,2018,11247.5229109224
Средний уровень дохода,2019,11861.8460267069
Средний уровень дохода,2020,11871.1982045993
Средний уровень дохода,2021,13246.5040288518
Средний уровень дохода,2022,14724.7457873234
Средний уровень дохода,2023,15857.6532630596
Северная Македония,2015,15038.2252620672
Северная Македония,2016,16457.5986762692
Северная Македония,2017,17161.1791653959
Северная Македония,2018,18460.4426347032
Северная Македония,2019,20222.551001254
Северная Македония,2020,19962.1507881394
Северная Македония,2021,22144.3119917377
Северная Македония,2022,24067.4891178321
Северная Македония,2023,24390.4873543927
Mali,2015,1959.63098498061
Mali,2016,2120.85820827865
Mali,2017,2187.72951258426
Mali,2018,2249.86222959248
Mali,2019,2379.59587619715
Mali,2020,2298.25189139941
Mali,2021,2347.62752913969
Mali,2022,2525.245789037
Mali,2023,2657.71298407985
Malta,2015,38307.3691749492
Malta,2016,40923.441138468
Malta,2017,45676.6931839365
Malta,2018,48105.9501306108
Malta,2019,51377.3698598657
Malta,2020,49929.9668003838
Malta,2021,56748.7302829446
Malta,2022,60352.4830755597
Malta,2023,63419.8236994542
Myanmar,2015,4458.69054442473
Myanmar,2016,4459.53981427471
Myanmar,2017,4706.43248949598
Myanmar,2018,5581.2769545815
Myanmar,2019,6101.37245765709
Myanmar,2020,5740.99045843992
Myanmar,2021,5178.44718217164
Myanmar,2022,5731.93787872064
Myanmar,2023,5953.35735165887
Ближний Восток и Северная Африка (только развивающиеся страны),2015,10298.10741587
Ближний Восток и Северная Африка (только развивающиеся страны),2016,10386.4824418774
Ближний Восток и Северная Африка (только развивающиеся страны),2017,10824.8858025752
Ближний Восток и Северная Африка (только развивающиеся страны),2018,11304.6082306582
Ближний Восток и Северная Африка (только развивающиеся страны),2019,11275.4129231537
Ближний Восток и Северная Африка (только развивающиеся страны),2020,11402.8434290813
Ближний Восток и Северная Африка (только развивающиеся страны),2021,12155.7697050052
Ближний Восток и Северная Африка (только развивающиеся страны),2022,13392.3996721842
Ближний Восток и Северная Африка (только развивающиеся страны),2023,14072.7650267015
Montenegro,2015,16337.2374539586
Montenegro,2016,18199.3897445071
Montenegro,2017,19682.3342050605
Montenegro,2018,21513.2650282079
Montenegro,2019,24140.6885037136
Montenegro,2020,21004.5552747289
Montenegro,2021,24068.4332719795
Montenegro,2022,27882.234496913
Montenegro,2023,30966.673744191
Mongolia,2015,10458.3027240524
Mongolia,2016,10511.3831063141
Mongolia,2017,11096.0375604239
Mongolia,2018,12317.4824277695
Mongolia,2019,13604.978943194
Mongolia,2020,13693.179806943
Mongolia,2021,14792.2509086422
Mongolia,2022,16401.9894751531
Mongolia,2023,18004.8512058355
Mozambique,2015,1317.88785956822
Mozambique,2016,1379.10740028691
Mozambique,2017,1282.74965991801
Mozambique,2018,1325.58695568953
Mozambique,2019,1388.79707034446
Mozambique,2020,1411.62040229911
Mozambique,2021,1457.23540930922
Mozambique,2022,1581.9441944418
Mozambique,2023,1677.68102292349
Mauritania,2015,3977.61171275863
Mauritania,2016,4682.70259690033
Mauritania,2017,5353.06608810407
Mauritania,2018,5429.23223059784
Mauritania,2019,5610.13236713892
Mauritania,2020,5740.73959690129
Mauritania,2021,5836.56580821897
Mauritania,2022,6484.8279272117
Mauritania,2023,6946.19393340541
Mauritius,2015,20011.3333068005
Mauritius,2016,21670.4566005949
Mauritius,2017,22595.7290817609
Mauritius,2018,23068.2409674878
Mauritius,2019,24027.1189308354
Mauritius,2020,21326.224396378
Mauritius,2021,22737.5729410543
Mauritius,2022,26601.7206625605
Mauritius,2023,29511.2274099553
Malawi,2015,1403.08451209235
Malawi,2016,1409.95802703533
Malawi,2017,1380.23263621737
Malawi,2018,1363.79445595088
Malawi,2019,1450.01008064784
Malawi,2020,1513.45990803344
Malawi,2021,1687.59358179651
Malawi,2022,1778.30582146001
Malawi,2023,1829.50768925379
Malaysia,2015,24526.3942716012
Malaysia,2016,25285.8213541391
Malaysia,2017,26415.5960203287
Malaysia,2018,27793.5674222948
Malaysia,2019,28933.928297233
Malaysia,2020,27474.7361378236
Malaysia,2021,29822.8491831618
Malaysia,2022,34366.2284812577
Malaysia,2023,36416.5401853099
Namibia,2015,10465.8920558516
Namibia,2016,10200.1392609733
Namibia,2017,9887.9393548255
Namibia,2018,9853.73533646074
Namibia,2019,9609.48555672874
Namibia,2020,9354.13136713077
Namibia,2021,9709.09930646771
Namibia,2022,10657.7384627391
Namibia,2023,11215.5468409261
Niger,2015,1172.19178758955
Niger,2016,1188.55709229837
Niger,2017,1208.14609955266
Niger,2018,1275.99643935327
Niger,2019,1419.16805070193
Niger,2020,1496.83350023022
Niger,2021,1585.59922021188
Niger,2022,1839.96909675904
Niger,2023,1890.50518592089
Nigeria,2015,5189.45397195461
Nigeria,2016,5022.33326703982
Nigeria,2017,4996.89472791886
Nigeria,2018,5083.17233102207
Nigeria,2019,5362.40830757561
Nigeria,2020,5353.70554899388
Nigeria,2021,5491.70034068297
Nigeria,2022,5948.72614706813
Nigeria,2023,6207.42137845063
Nicaragua,2015,5448.88767322565
Nicaragua,2016,5882.36994825833
Nicaragua,2017,6225.3611901432
Nicaragua,2018,5935.17285288641
Nicaragua,2019,5981.1112968883
Nicaragua,2020,6251.98208404549
Nicaragua,2021,7086.62239515406
Nicaragua,2022,7776.18804040389
Nicaragua,2023,8309.3399128364
Netherlands,2015,50970.348484391
Netherlands,2016,53162.2791598026
Netherlands,2017,56037.5679936057
Netherlands,2018,58819.2609142582
Netherlands,2019,62345.2538465432
Netherlands,2020,62596.6302027524
Netherlands,2021,68573.5648786446
Netherlands,2022,77152.2237613361
Netherlands,2023,78305.2888358968
Norway,2015,60754.1816916377
Norway,2016,59280.1992028829
Norway,2017,64589.5559196863
Norway,2018,70253.8463693386
Norway,2019,70939.6055180362
Norway,2020,67110.60457055
Norway,2021,88984.1386736517
Norway,2022,122619.262920241
Norway,2023,100928.354559088
Nepal,2015,2957.30559145504
Nepal,2016,2976.12513681451
Nepal,2017,3604.70825949747
Nepal,2018,3956.12461094443
Nepal,2019,4260.67373190851
Nepal,2020,4235.57462326905
Nepal,2021,4546.22970006289
Nepal,2022,5102.99231141994
Nepal,2023,5393.62090216188
Nauru,2015,10020.3777450169
Nauru,2016,10371.3962985151
Nauru,2017,9770.04904451333
Nauru,2018,9740.42851222762
Nauru,2019,10639.5058032541
Nauru,2020,10941.6636725889
Nauru,2021,12196.6451545359
Nauru,2022,13356.2039986979
Nauru,2023,13831.8119737926
New Zealand,2015,37552.7372973495
New Zealand,2016,39946.2344308563
New Zealand,2017,42206.923421304
New Zealand,2018,42499.3779260836
New Zealand,2019,45163.6964269884
New Zealand,2020,45283.4680496217
New Zealand,2021,47933.5886168028
New Zealand,2022,53049.3353731936
New Zealand,2023,53440.1310147173
Oman,2015,36058.1666084788
Oman,2016,33333.8635893722
Oman,2017,33619.4988982607
Oman,2018,37780.3308327271
Oman,2019,37250.6110788359
Oman,2020,35163.3281781415
Oman,2021,38719.4587682049
Oman,2022,43244.3771424737
Oman,2023,42519.7049918962
Pakistan,2015,4480.26313460985
Pakistan,2016,4630.7315068374
Pakistan,2017,4789.53646557553
Pakistan,2018,4979.3734961655
Pakistan,2019,5037.53401559745
Pakistan,2020,5048.0213062963
Pakistan,2021,5367.27364714762
Pakistan,2022,5920.2743065411
Pakistan,2023,6036.65076923802
Panama,2015,27245.2788533669
Panama,2016,30276.7088405833
Panama,2017,33533.3260079329
Panama,2018,32463.540359127
Panama,2019,33239.733231164
Panama,2020,27017.0033688951
Panama,2021,30932.7627780516
Panama,2022,36245.1456551041
Panama,2023,39803.3189532895
Peru,2015,11600.3873992867
Peru,2016,12066.5460683317
Peru,2017,12591.8562879234
Peru,2018,13078.2323503405
Peru,2019,13563.5372933551
Peru,2020,12563.3038060893
Peru,2021,15282.2736372636
Peru,2022,16657.4897212687
Peru,2023,16974.2420029886
Philippines,2015,6894.26702227823
Philippines,2016,7382.66758422034
Philippines,2017,7773.79853589634
Philippines,2018,8357.74357925067
Philippines,2019,8924.10116416604
Philippines,2020,8238.36802037452
Philippines,2021,8857.78995115514
Philippines,2022,10131.3463697941
Philippines,2023,10988.6300412045
Palau,2015,17685.0628521566
Palau,2016,17747.6082391634
Palau,2017,17461.7824093618
Palau,2018,17879.4531048174
Palau,2019,18227.2676193907
Palau,2020,17367.269702728
Palau,2021,15663.1743953887
Palau,2022,16581.0210884902
Palau,2023,17531.6984188274
Papua New Guinea,2015,3669.73871585691
Papua New Guinea,2016,3812.71035098996
Papua New Guinea,2017,3923.17197672983
Papua New Guinea,2018,3909.91572968075
Papua New Guinea,2019,4059.82860206018
Papua New Guinea,2020,3899.57719249419
Papua New Guinea,2021,3976.90380027548
Papua New Guinea,2022,4419.61927180525
Papua New Guinea,2023,4632.97979376141
Poland,2015,26995.3408713745
Poland,2016,28359.6927346266
Poland,2017,30170.2818974087
Poland,2018,32345.1066076225
Poland,2019,35882.3655065553
Poland,2020,36714.1686660424
Poland,2021,41059.5847829682
Poland,2022,46077.3855556036
Poland,2023,46570.4702655552
Puerto Rico,2015,32899.9421549518
Puerto Rico,2016,32944.0235909988
Puerto Rico,2017,32686.4615893529
Puerto Rico,2018,34733.9955529873
Puerto Rico,2019,37453.788413823
Puerto Rico,2020,36858.9791794027
Puerto Rico,2021,40559.6985749875
Puerto Rico,2022,45596.8530550873
Puerto Rico,2023,47717.5129705699
Portugal,2015,29615.9560854108
Portugal,2016,31589.2695609552
Portugal,2017,32970.8395386562
Portugal,2018,34896.7993382975
Portugal,2019,37865.5603564297
Portugal,2020,35966.7127965608
Portugal,2021,38657.6677223427
Portugal,2022,44557.2810535723
Portugal,2023,47331.0982975007
Paraguay,2015,12679.0574753215
Paraguay,2016,13329.1373366322
Paraguay,2017,13977.3427788651
Paraguay,2018,14139.0931267561
Paraguay,2019,14149.5985227505
Paraguay,2020,14308.8787738328
Paraguay,2021,15406.1670646579
Paraguay,2022,16347.0434974754
Paraguay,2023,17516.798469519
West Bank and Gaza,2015,5769.98236633202
West Bank and Gaza,2016,6062.23274844577
West Bank and Gaza,2017,6106.64574037122
West Bank and Gaza,2018,6215.81647317396
West Bank and Gaza,2019,6508.44835080318
West Bank and Gaza,2020,5956.28620064819
West Bank and Gaza,2021,5663.12160743584
West Bank and Gaza,2022,6163.24897837616
West Bank and Gaza,2023,5896.71082944838
Qatar,2015,102545.939634633
Qatar,2016,89934.692005072
Qatar,2017,99358.3403307696
Qatar,2018,110032.713236323
Qatar,2019,107502.469792021
Qatar,2020,82149.3573715431
Qatar,2021,116832.570290462
Qatar,2022,122920.498759851
Qatar,2023,128918.549288257
Romania,2015,21630.4644414112
Romania,2016,23905.2501437249
Romania,2017,26943.4323722669
Romania,2018,29586.4998309669
Romania,2019,33638.6859861276
Romania,2020,34386.011734517
Romania,2021,37732.5554954853
Romania,2022,42217.9936036828
Romania,2023,45777.0387317408
Российская Федерация,2015,23994.013671875
Российская Федерация,2016,24012.40234375
Российская Федерация,2017,25777.904296875
Российская Федерация,2018,28628.5625
Российская Федерация,2019,30963.853515625
Российская Федерация,2020,31490.8046875
Российская Федерация,2021,38938.49609375
Российская Федерация,2022,40991.6171875
Российская Федерация,2023,44120.14453125
Rwanda,2015,1780.74171636863
Rwanda,2016,1866.38968530286
Rwanda,2017,1967.94286602499
Rwanda,2018,2125.49522712839
Rwanda,2019,2336.03967302732
Rwanda,2020,2284.89889795328
Rwanda,2021,2731.09015294046
Rwanda,2022,3095.91864058305
Rwanda,2023,3396.15532541582
Южная Азия,2015,5189.0842691512
Южная Азия,2016,5528.01577890735
Южная Азия,2017,5847.8396172501
Южная Азия,2018,6360.87875723316
Южная Азия,2019,6744.92666196924
Южная Азия,2020,6640.34653009411
Южная Азия,2021,7561.39253769285
Южная Азия,2022,8538.4241671903
Южная Азия,2023,9366.42420208151
Saudi Arabia,2015,52069.6432379942
Saudi Arabia,2016,48250.511010503
Saudi Arabia,2017,51237.7969444325
Saudi Arabia,2018,56700.0649572356
Saudi Arabia,2019,56188.1951827363
Saudi Arabia,2020,45434.4716451874
Saudi Arabia,2021,55768.2355201349
Saudi Arabia,2022,61440.7652906224
Saudi Arabia,2023,61102.915372338
Sudan,2015,4217.01025390625
Sudan,2016,4470.35498046875
Sudan,2017,4252.42138671875
Sudan,2018,4199.25048828125
Sudan,2019,3914.2255859375
Sudan,2020,3348.57836914063
Sudan,2021,3248.9755859375
Sudan,2022,3355.37817382813
Sudan,2023,2740.42114257813
Senegal,2015,2994.28032714875
Senegal,2016,3101.12348494108
Senegal,2017,3234.36158194088
Senegal,2018,3380.21596529445
Senegal,2019,3647.95137357242
Senegal,2020,3752.91947490817
Senegal,2021,4173.67741399619
Senegal,2022,4529.14886305445
Senegal,2023,4791.44862031409
Singapore,2015,87156.187383315
Singapore,2016,89735.1660600381
Singapore,2017,95628.2409946334
Singapore,2018,103899.678923546
Singapore,2019,105542.413613949
Singapore,2020,101612.090327577
Singapore,2021,131864.092335522
Singapore,2022,141913.277272786
Singapore,2023,141553.47299754
Solomon Islands,2015,2353.78728244996
Solomon Islands,2016,2421.19012037618
Solomon Islands,2017,2454.04422348649
Solomon Islands,2018,2493.9776915795
Solomon Islands,2019,2511.99788723681
Solomon Islands,2020,2405.30256161449
Solomon Islands,2021,2518.42162363735
Solomon Islands,2022,2697.44043191964
Solomon Islands,2023,2812.37576422898
Sierra Leone,2015,2508.48713063489
Sierra Leone,2016,2616.87430965986
Sierra Leone,2017,2531.31209040501
Sierra Leone,2018,2640.47566787646
Sierra Leone,2019,2704.05835704649
Sierra Leone,2020,2719.18956763927
Sierra Leone,2021,2848.70597712579
Sierra Leone,2022,3143.21125123713
Sierra Leone,2023,3367.51026016213
El Salvador,2015,7933.73697858999
El Salvador,2016,8455.61614773975
El Salvador,2017,8965.2189086345
El Salvador,2018,9203.76216310773
El Salvador,2019,9756.7521864595
El Salvador,2020,9392.68913817943
El Salvador,2021,10809.713399518
El Salvador,2022,11858.0780641877
El Salvador,2023,12657.0340625254
San Marino,2015,52247.2078276415
San Marino,2016,53033.0563376235
San Marino,2017,52463.4196397748
San Marino,2018,54460.9058332865
San Marino,2019,57444.1193582109
San Marino,2020,55206.5812324405
San Marino,2021,64745.1316780701
San Marino,2022,75941.4899090165
Somalia,2015,1341.38999242705
Somalia,2016,1468.50438918685
Somalia,2017,1596.81409387515
Somalia,2018,1551.61461554673
Somalia,2019,1548.09792808202
Somalia,2020,1454.33348080297
Somalia,2021,1392.4642619251
Somalia,2022,1486.75765934254
Somalia,2023,1556.52309067949
Serbia,2015,15550.5539958066
Serbia,2016,16455.4575653568
Serbia,2017,17285.5203435754
Serbia,2018,18468.9900714971
Serbia,2019,20587.2913380579
Serbia,2020,21012.9940151468
Serbia,2021,23406.4134532297
Serbia,2022,26242.3419989038
Serbia,2023,28748.4759609015
Африка к югу от Сахары (только развивающиеся страны),2015,3697.45570563746
Африка к югу от Сахары (только развивающиеся страны),2016,3730.19772118964
Африка к югу от Сахары (только развивающиеся страны),2017,3847.37757554567
Африка к югу от Сахары (только развивающиеся страны),2018,3869.5001492733
Африка к югу от Сахары (только развивающиеся страны),2019,4029.47785786998
Африка к югу от Сахары (только развивающиеся страны),2020,3957.16589901505
Африка к югу от Сахары (только развивающиеся страны),2021,4226.33716241927
Африка к югу от Сахары (только развивающиеся страны),2022,4582.22684939099
Африка к югу от Сахары (только развивающиеся страны),2023,4763.52278126603
South Sudan,2015,1154.88686304107
Африка к югу от Сахары (все уровни дохода),2015,3699.43581224872
Африка к югу от Сахары (все уровни дохода),2016,3732.45373976641
Африка к югу от Сахары (все уровни дохода),2017,3849.75703119515
Африка к югу от Сахары (все уровни дохода),2018,3871.96140494041
Африка к югу от Сахары (все уровни дохода),2019,4032.06592680084
Африка к югу от Сахары (все уровни дохода),2020,3959.44830855893
Африка к югу от Сахары (все уровни дохода),2021,4228.46766891839
Африка к югу от Сахары (все уровни дохода),2022,4584.76159612494
Африка к югу от Сахары (все уровни дохода),2023,4766.1789270063
Sao Tome and Principe,2015,3171.50905832741
Sao Tome and Principe,2016,3319.54261733278
Sao Tome and Principe,2017,3436.31010124694
Sao Tome and Principe,2018,3941.03280858409
Sao Tome and Principe,2019,4655.48496449805
Sao Tome and Principe,2020,5144.53560286014
Sao Tome and Principe,2021,5732.69456061536
Sao Tome and Principe,2022,6033.68117221832
Sao Tome and Principe,2023,6149.98146081928
Suriname,2015,16543.5743051372
Suriname,2016,14475.3069644921
Suriname,2017,17567.6802396432
Suriname,2018,17855.4787141437
Suriname,2019,19771.5473885151
Suriname,2020,16946.8942361914
Suriname,2021,18458.234999681
Suriname,2022,20078.8365545951
Suriname,2023,21135.5456365133
Slovak Republic,2015,30156.0270992722
Slovak Republic,2016,29867.9803390081
Slovak Republic,2017,30245.7825869757
Slovak Republic,2018,31509.8187291635
Slovak Republic,2019,33985.6758419662
Slovak Republic,2020,35327.9439165588
Slovak Republic,2021,38356.0501231018
Slovak Republic,2022,41111.7475259307
Slovak Republic,2023,43625.3641875229
Slovenia,2015,31344.6289743058
Slovenia,2016,33575.1775435758
Slovenia,2017,36180.0384547623
Slovenia,2018,38620.2045436305
Slovenia,2019,42373.2506369279
Slovenia,2020,41767.2579899958
Slovenia,2021,45914.0572392406
Slovenia,2022,51079.1780691933
Slovenia,2023,53952.2047300024
Sweden,2015,48785.1551864585
Sweden,2016,50289.7687144135
Sweden,2017,51474.1199115161
Sweden,2018,53122.438677218
Sweden,2019,57046.4463076951
Sweden,2020,57489.2657196218
Sweden,2021,62731.7006162929
Sweden,2022,66375.6164555727
Sweden,2023,67198.0200377525
Eswatini,2015,8326.56567332103
Eswatini,2016,8446.76980672652
Eswatini,2017,8536.02441887059
Eswatini,2018,8564.15557183006
Eswatini,2019,9203.8517513532
Eswatini,2020,9264.04858528355
Eswatini,2021,9846.20708043753
Eswatini,2022,10434.4813469258
Eswatini,2023,11245.1491471111
Sint Maarten (Dutch part),2015,44587.5911500766
Sint Maarten (Dutch part),2016,44845.106868735
Sint Maarten (Dutch part),2017,44479.2967076826
Sint Maarten (Dutch part),2018,41653.2008964784
Sint Maarten (Dutch part),2019,45715.6970519376
Sint Maarten (Dutch part),2020,38901.4867603712
Sint Maarten (Dutch part),2021,40507.0672411717
Sint Maarten (Dutch part),2022,47005.4692201479
Sint Maarten (Dutch part),2023,49826.1146271296
Seychelles,2015,25435.2289894362
Seychelles,2016,28811.3970334958
Seychelles,2017,30674.6487335442
Seychelles,2018,32091.2988657346
Seychelles,2019,34219.061370118
Seychelles,2020,31055.9442055039
Seychelles,2021,29979.8272686091
Seychelles,2022,30575.5705075202
Seychelles,2023,32705.944308693
Syrian Arab Republic,2017,3265.07029374996
Syrian Arab Republic,2018,3455.89227013449
Syrian Arab Republic,2019,3502.17511543737
Syrian Arab Republic,2020,3737.65751831376
Syrian Arab Republic,2021,4592.83860100874
Syrian Arab Republic,2022,4772.46167667162
Turks and Caicos Islands,2015,24012.8725763974
Turks and Caicos Islands,2016,25578.2219734804
Turks and Caicos Islands,2017,25851.0086074329
Turks and Caicos Islands,2018,26752.9638583615
Turks and Caicos Islands,2019,26752.4000762992
Turks and Caicos Islands,2020,16473.4538313219
Turks and Caicos Islands,2021,21192.4823649974
Turks and Caicos Islands,2022,23793.3622783465
Turks and Caicos Islands,2023,24755.806302014
Chad,2015,1788.14548560222
Chad,2016,1643.45900102802
Chad,2017,1571.06933600144
Chad,2018,1633.63788883194
Chad,2019,1785.16732115453
Chad,2020,1568.60058488427
Chad,2021,1700.16698806139
Chad,2022,1808.83862023181
Chad,2023,1863.94062120816
Togo,2015,1879.66940004825
Togo,2016,1932.9272172408
Togo,2017,1985.52568595321
Togo,2018,2067.09131262388
Togo,2019,2214.71375053039
Togo,2020,2356.75859666213
Togo,2021,2577.20196322069
Togo,2022,2852.06442925896
Togo,2023,3071.51216831952
Thailand,2015,15791.1714762207
Thailand,2016,16671.2506902144
Thailand,2017,17573.339815536
Thailand,2018,18876.2208766741
Thailand,2019,19963.3918407099
Thailand,2020,19163.7415152349
Thailand,2021,20245.2424111271
Thailand,2022,22220.2864757838
Thailand,2023,23465.0631354173
Tajikistan,2015,2975.47097476092
Tajikistan,2016,2913.85679547445
Tajikistan,2017,3017.00314887354
Tajikistan,2018,3069.10385079592
Tajikistan,2019,3459.97365083434
Tajikistan,2020,3653.95976759112
Tajikistan,2021,3985.91247611219
Tajikistan,2022,4514.17512398166
Tajikistan,2023,4963.58295264501
Turkmenistan,2015,12714.8137240363
Turkmenistan,2016,12919.371222426
Turkmenistan,2017,13278.4030353381
Turkmenistan,2018,14368.4621432532
Turkmenistan,2019,15477.7237643978
Turkmenistan,2020,15090.9394971778
Turkmenistan,2021,16434.1399060353
Turkmenistan,2022,18340.1112805301
Turkmenistan,2023,19828.9248461199
Timor-Leste,2015,3107.57190164098
Timor-Leste,2016,3390.76221557073
Timor-Leste,2017,3463.11730297031
Timor-Leste,2018,3561.28770455766
Timor-Leste,2019,4556.61428089164
Timor-Leste,2020,6132.08288218058
Timor-Leste,2021,6824.79238928702
Timor-Leste,2022,5725.14617238129
Timor-Leste,2023,4803.96924825568
Tonga,2015,5471.79683419906
Tonga,2016,5920.15765828118
Tonga,2017,6229.07028797522
Tonga,2018,6402.7575876172
Tonga,2019,6488.59753493044
Tonga,2020,6689.85931721869
Tonga,2021,7034.92483755247
Tonga,2022,7393.79668459425
Trinidad and Tobago,2015,30031.7084670844
Trinidad and Tobago,2016,28349.2203394194
Trinidad and Tobago,2017,28734.6181312754
Trinidad and Tobago,2018,29497.0703863565
Trinidad and Tobago,2019,29687.7990986059
Trinidad and Tobago,2020,26627.9558992201
Trinidad and Tobago,2021,30826.2088114142
Trinidad and Tobago,2022,33556.4643201531
Trinidad and Tobago,2023,35188.5349159275
Tunisia,2015,10782.5438382441
Tunisia,2016,10993.6638464521
Tunisia,2017,11288.7800135085
Tunisia,2018,11841.4061980603
Tunisia,2019,12494.7905733455
Tunisia,2020,11918.066205483
Tunisia,2021,12375.3429338664
Tunisia,2022,13532.6380391977
Tunisia,2023,13931.8593241649
Turkiye,2015,25862.6846048907
Turkiye,2016,26695.915689876
Turkiye,2017,28193.1744851997
Turkiye,2018,28299.395541248
Turkiye,2019,28461.1778708152
Turkiye,2020,28680.2006288764
Turkiye,2021,31338.2665190246
Turkiye,2022,39101.0748100515
Turkiye,2023,42326.1644386964
Tuvalu,2015,3775.74741342392
Tuvalu,2016,4030.85459891999
Tuvalu,2017,4226.71105130657
Tuvalu,2018,4431.71970221901
Tuvalu,2019,5209.69198096616
Tuvalu,2020,5122.18980234967
Tuvalu,2021,5352.97314051618
Tuvalu,2022,5661.13162581735
Tuvalu,2023,6150.99970413823
Tanzania,2015,2317.27978515625
Tanzania,2016,2434.69995117188
Tanzania,2017,2472.4931640625
Tanzania,2018,2727.88012695313
Tanzania,2019,2981.87451171875
Tanzania,2020,3290.60986328125
Tanzania,2021,3493.0830078125
Tanzania,2022,3799.8623046875
Tanzania,2023,4018.5166015625
Uganda,2015,2189.96485919003
Uganda,2016,2165.29759404413
Uganda,2017,2157.95747503369
Uganda,2018,2312.05752813495
Uganda,2019,2441.37445233821
Uganda,2020,2532.21950102069
Uganda,2021,2684.92035939744
Uganda,2022,2919.1777540711
Uganda,2023,3097.63702430616
Ukraine,2015,9921.833984375
Ukraine,2016,10864.6572265625
Ukraine,2017,11536.0810546875
Ukraine,2018,12554.8486328125
Ukraine,2019,14217.486328125
Ukraine,2020,15541.02734375
Ukraine,2021,17846.408203125
Ukraine,2022,14770.0712890625
Ukraine,2023,17630.125
Уровень дохода выше среднего,2015,13897.1638418718
Уровень дохода выше среднего,2016,14415.5811869751
Уровень дохода выше среднего,2017,15173.9796468695
Уровень дохода выше среднего,2018,16141.5968997533
Уровень дохода выше среднего,2019,17000.6158731275
Уровень дохода выше среднего,2020,17103.248095458
Уровень дохода выше среднего,2021,19232.2127190488
Уровень дохода выше среднего,2022,21353.1042011637
Уровень дохода выше среднего,2023,23012.7144416039
Uruguay,2015,22168.6114189676
Uruguay,2016,22840.5510745329
Uruguay,2017,23606.6430641876
Uruguay,2018,24386.4944489963
Uruguay,2019,25782.6940702439
Uruguay,2020,25777.7455310901
Uruguay,2021,29441.4774869654
Uruguay,2022,33081.5074307653
Uruguay,2023,34426.6024727939
United States,2015,57040.2082136605
United States,2016,58206.6141931841
United States,2017,60322.261424175
United States,2018,63201.0458483768
United States,2019,65604.6815198737
United States,2020,64411.3731779373
United States,2021,71318.3073592183
United States,2022,78035.1753604212
United States,2023,82769.4122114214
Uzbekistan,2015,6799.57332842183
Uzbekistan,2016,6919.29475621804
Uzbekistan,2017,7818.01112977428
Uzbekistan,2018,8128.75520303523
Uzbekistan,2019,8544.08026729718
Uzbekistan,2020,8451.72505108114
Uzbekistan,2021,9247.6438270393
Uzbekistan,2022,10292.5309427516
Uzbekistan,2023,11106.9715934786
St. Vincent and the Grenadines,2015,12378.842727428
St. Vincent and the Grenadines,2016,13493.4773120997
St. Vincent and the Grenadines,2017,13575.4319769513
St. Vincent and the Grenadines,2018,14689.8500710886
St. Vincent and the Grenadines,2019,15344.3607541942
St. Vincent and the Grenadines,2020,15417.2129435522
St. Vincent and the Grenadines,2021,15900.9765805992
St. Vincent and the Grenadines,2022,18396.4968707685
St. Vincent and the Grenadines,2023,20349.2285703519
Virgin Islands (U.S.),2015,32573.7166812171
Virgin Islands (U.S.),2016,33470.5904770327
Virgin Islands (U.S.),2017,33893.5501815475
Virgin Islands (U.S.),2018,36746.4868901838
Virgin Islands (U.S.),2019,40021.7775798024
Virgin Islands (U.S.),2020,41749.0800364553
Virgin Islands (U.S.),2021,46893.5496988741
Virgin Islands (U.S.),2022,49793.0324395718
Viet Nam,2015,7671.5819778084
Viet Nam,2016,8374.50684516118
Viet Nam,2017,9169.73192052855
Viet Nam,2018,10009.9714756006
Viet Nam,2019,11029.2732083963
Viet Nam,2020,11609.3177276423
Viet Nam,2021,12048.9019935536
Viet Nam,2022,13852.1163600719
Viet Nam,2023,14973.8839607259
Vanuatu,2015,2878.84341716336
Vanuatu,2016,2975.53120799348
Vanuatu,2017,3145.92734983465
Vanuatu,2018,3232.94825794501
Vanuatu,2019,3314.66721346101
Vanuatu,2020,3117.64425286088
Vanuatu,2021,3135.83664939695
Vanuatu,2022,3345.26810172903
Vanuatu,2023,3460.93371361519
Samoa,2015,5681.77812758001
Samoa,2016,6141.45089041361
Samoa,2017,6280.21500465161
Samoa,2018,6318.26977281397
Samoa,2019,6638.18454746439
Samoa,2020,6450.76538360922
Samoa,2021,6214.01692789558
Samoa,2022,6260.40238271448
Samoa,2023,6996.84192109141
Kosovo,2015,8714.91966356132
Kosovo,2016,9157.04630742908
Kosovo,2017,9380.94007290057
Kosovo,2018,10018.7387080811
Kosovo,2019,10861.0531745974
Kosovo,2020,10532.4995857033
Kosovo,2021,12362.4140965831
Kosovo,2022,13950.8967322411
Kosovo,2023,15141.2457331927
South Africa,2015,13397.5234813346
South Africa,2016,13519.3235102376
South Africa,2017,13738.4385854596
South Africa,2018,13347.3634826038
South Africa,2019,13361.4851289112
South Africa,2020,12671.0862436851
South Africa,2021,13711.2935730474
South Africa,2022,14759.4350715619
South Africa,2023,15194.1991761106
Zambia,2015,3337.47306887696
Zambia,2016,3313.35121570029
Zambia,2017,3391.62768492775
Zambia,2018,3442.27307196302
Zambia,2019,3361.39750299612
Zambia,2020,3157.30009311643
Zambia,2021,3503.03491418372
Zambia,2022,3840.72450511141
Zambia,2023,4076.99508686639
Zimbabwe,2015,2646.65399283048
Zimbabwe,2016,2796.79647521944
Zimbabwe,2017,7045.35742588314
Zimbabwe,2018,2614.40627109802
Zimbabwe,2019,3211.47191261594
Zimbabwe,2020,3510.59403589955
Zimbabwe,2021,3184.78545138737
Zimbabwe,2022,3560.04327343522
Zimbabwe,2023,3820.36262949732
